symbols,name,entry_id,ph,voltage,decomposition_energy,decomposition_energy_lookup_time,material_id,band_gap,energy_above_hull,deprecated,theoretical
Ir,IrO3(s),mp-1021489-GGA,0,1.63,-0.04351238500000121,2.9325485229492188e-05,mp-1021489,0,0.114257801249999,FALSE,TRUE
Ir,IrO3(s),mp-1021489-GGA,0,2.444775210000032,-0.1629181734645293,2.86102294921875e-5,mp-1021489,0,0.114257801249999,FALSE,TRUE
Ir,IrO3(s),mp-1021489-GGA,0,2.446339860000037,-0.1629181734645293,2.765655517578125e-5,mp-1021489,0,0.114257801249999,FALSE,TRUE
Ir,IrO3(s),mp-1021489-GGA,0,1.922515120000042,-0.1629181734645293,2.7894973754882812e-05,mp-1021489,0,0.114257801249999,FALSE,TRUE
Os,OsO2(s),mp-996-GGA,0,1.63,1.527236408333332,3.4332275390625e-5,mp-996,0,0,FALSE,FALSE
Os,OsO2(s),mp-996-GGA,0,6.781905449999998,8.396443674999997,3.0040740966796875e-5,mp-996,0,0,FALSE,FALSE
Os,OsO4(s),mp-551905-GGA,0,1.63,6.6457499999899e-4,3.0994415283203125e-5,mp-551905,3.2472,0.001462714999997,FALSE,FALSE
Os,OsO4(s),mp-551905-GGA,0,2.181318950000008,6.6457499999899e-4,2.9087066650390625e-5,mp-551905,3.2472,0.001462714999997,FALSE,FALSE
Cd,CdO(s),mp-1132-GGA,0,1.63,0.6223125693112921,4.506111145019531e-5,mp-1132,0,0,FALSE,FALSE
Cd,CdO(s),mp-1132-GGA,0,2.7269836700000125,0.6223125693112923,4.363059997558594e-5,mp-1132,0,0,FALSE,FALSE
Cd,CdO(s),mp-1132-GGA,0,2.4523135350000027,0.6223125693112923,4.172325134277344e-5,mp-1132,0,0,FALSE,FALSE
Lu,LuO2(s),mp-1206244-GGA,0,1.63,0.5446661724831259,3.218650817871094e-5,mp-1206244,0,0.192414260208332,FALSE,FALSE
Lu,LuO2(s),mp-1206244-GGA,0,2.61456292999999,0.21647852914979637,2.9802322387695312e-05,mp-1206244,0,0.192414260208332,FALSE,FALSE
Tl,Tl2O(s),mp-551470-GGA,0,1.63,1.3461132833333334,5.817413330078125e-5,mp-551470,0.5194000000000001,4.3133333335276816e-5,FALSE,FALSE
Tl,Tl2O(s),mp-551470-GGA,0,2.412589460000021,2.3895658966666944,4.172325134277344e-5,mp-551470,0.5194000000000001,4.3133333335276816e-5,FALSE,FALSE
Pt,PtO(s),mp-7947-GGA,0,1.63,1.0480816325000004,3.24249267578125e-5,mp-7947,0,0.139127341249998,FALSE,FALSE
Pt,PtO(s),mp-7947-GGA,0,2.67661754999999,2.0946991824999897,3.123283386230469e-5,mp-7947,0,0.139127341249998,FALSE,FALSE
Pt,PtO(s),mp-7947-GGA,0,2.67661754999999,2.0946991824999897,2.86102294921875e-5,mp-7947,0,0.139127341249998,FALSE,FALSE
Pt,PtO2(s),mp-617-GGA,0,1.63,0.00480060000000056,3.0994415283203125e-5,mp-617,1.6099,0.055776731666668,FALSE,FALSE
Pt,PtO2(s),mp-617-GGA,0,2.239667949999941,0.00480060000000056,2.8848648071289062e-05,mp-617,1.6099,0.055776731666668,FALSE,FALSE
Hf,HfO2(s),mp-776532-GGA,0,1.63,0.28958110370044504,3.24249267578125e-5,mp-776532,3.902499999999999,0.036980001666666,FALSE,TRUE
Hf,HfO2(s),mp-776532-GGA,0,1.7905927849999903,0.28958110370044504,3.0040740966796875e-5,mp-776532,3.902499999999999,0.036980001666666,FALSE,TRUE
Hf,HfO2(s),mp-1018721-GGA,0,1.63,0.3195180587004452,3.24249267578125e-5,mp-1018721,4.6678000000000015,0.050883971666667,FALSE,FALSE
Hf,HfO2(s),mp-1018721-GGA,0,1.381255792499957,0.3195180587004458,2.9087066650390625e-5,mp-1018721,4.6678000000000015,0.050883971666667,FALSE,FALSE
Hf,HfO2(s),mp-1018721-GGA,0,1.3539679849999118,0.3195180587004452,2.7894973754882812e-05,mp-1018721,4.6678000000000015,0.050883971666667,FALSE,FALSE
Hf,HfO2(s),mp-550893-GGA,0,1.63,0.35347306036711207,3.0517578125e-5,mp-550893,3.8043,0.08357950333333401,FALSE,FALSE
Hf,HfO2(s),mp-550893-GGA,0,4.27409807000008,0.3534730603671126,2.8848648071289062e-05,mp-550893,3.8043,0.08357950333333401,FALSE,FALSE
Hf,HfO2(s),mp-550893-GGA,0,4.27409807000008,0.3534730603671126,2.7894973754882812e-05,mp-550893,3.8043,0.08357950333333401,FALSE,FALSE
Sc,Sc20O19(s),mp-684697-GGA,0,1.63,2.417156978226713,4.673004150390625e-5,mp-684697,0,0.060336121506407,FALSE,TRUE
Sc,Sc20O19(s),mp-684697-GGA,0,9.717965279999971,6.979598931047208,3.409385681152344e-5,mp-684697,0,0.060336121506407,FALSE,TRUE
Cd-Ir,CdIrO3(s),mp-1016828-GGA,0,1.63,0.7121234427245156,9.4461441040039e-4,mp-1016828,0,0.46319841499999503,FALSE,TRUE
Cd-Ir,CdIrO3(s),mp-1016828-GGA,0,2.8644436700000138,1.110376279952901,9.3007087707519e-4,mp-1016828,0,0.46319841499999503,FALSE,TRUE
Li,Li2O2(s),mp-558312-GGA,0,1.63,0.7773231989541121,3.600120544433594e-5,mp-558312,1.6379,0.14272422874999902,FALSE,FALSE
Li,Li2O2(s),mp-558312-GGA,0,2.5326983300000028,0.3259740339541106,3.647804260253906e-5,mp-558312,1.6379,0.14272422874999902,FALSE,FALSE
Li,Li2O2(s),mp-841-GGA,0,1.63,0.6345989702041124,3.695487976074219e-5,mp-841,1.974299999999999,0,FALSE,FALSE
Li,Li2O2(s),mp-841-GGA,0,3.4823384400000066,0,3.457069396972656e-5,mp-841,1.974299999999999,0,FALSE,FALSE
Au-Pd,PdAuO2(s),mp-997090-GGA,0,1.63,0.43152470410261334,9.1433525085449e-4,mp-997090,0,0.001522400416669,FALSE,TRUE
Au-Pd,PdAuO2(s),mp-997090-GGA,0,3.2238890000000024,1.6269414541026137,8.8906288146972e-4,mp-997090,0,0.001522400416669,FALSE,TRUE
Au-Pd,PdAuO2(s),mp-997090-GGA,0,3.0636110450000045,1.5067329878526152,8.854866027832e-4,mp-997090,0,0.001522400416669,FALSE,TRUE
Au-Pd,PdAuO2(s),mp-997051-GGA,0,1.63,0.44303016410261287,8.9478492736816e-4,mp-997051,0,0.013027860416667,FALSE,TRUE
Au-Pd,PdAuO2(s),mp-997051-GGA,0,1.754063720000005,0.5360779541026166,8.85009765625e-4,mp-997051,0,0.013027860416667,FALSE,TRUE
Au-Pd,PdAuO2(s),mp-997051-GGA,0,1.5156886249999986,0.3572966328526117,8.8763236999511e-4,mp-997051,0,0.013027860416667,FALSE,TRUE
Au-Pd,PdAuO2(s),mp-997051-GGA,0,1.5297494199999966,0.3678422291026104,8.8381767272949e-4,mp-997051,0,0.013027860416667,FALSE,TRUE
Cs,CsO2(s),mp-1181502-GGA,0,1.63,0.37978555207955456,3.170967102050781e-5,mp-1181502,0,0.031940904999999,FALSE,TRUE
Cs,CsO2(s),mp-1181502-GGA,0,1.791649179999996,0.2181363720795583,3.027915954589844e-5,mp-1181502,0,0.031940904999999,FALSE,TRUE
Cs,CsO2(s),mp-1181502-GGA,0,1.6294033500000071,0.3803822020795471,2.8371810913085938e-05,mp-1181502,0,0.031940904999999,FALSE,TRUE
Zn,ZnO(s),mp-1093993-GGA,0,1.63,0.5307334587945665,4.124641418457031e-5,mp-1093993,0.7376,0.0328996925,FALSE,TRUE
Zn,ZnO(s),mp-1093993-GGA,0,1.3968654199999924,0.5307334587945665,4.291534423828125e-5,mp-1093993,0.7376,0.0328996925,FALSE,TRUE
Zn,ZnO(s),mp-2133-GGA,0,1.63,0.5076056200445667,3.981590270996094e-5,mp-2133,0.7227,0,FALSE,FALSE
Zn,ZnO(s),mp-2133-GGA,0,3.281853330000005,0.5076056200445667,3.814697265625e-5,mp-2133,0.7227,0,FALSE,FALSE
Zn,ZnO(s),mp-2133-GGA,0,2.098876084999989,0.5076056200445667,3.695487976074219e-5,mp-2133,0.7227,0,FALSE,FALSE
Zr,ZrO2(s),mp-754403-GGA,0,1.63,0.2530386314472886,3.1948089599609375e-5,mp-754403,3.4482,0.048185859999998,FALSE,TRUE
Zr,ZrO2(s),mp-754403-GGA,0,1.8484437549999764,0.2530386314472892,3.0040740966796875e-5,mp-754403,3.4482,0.048185859999998,FALSE,TRUE
Zr,Zr2O(s),mp-753629-GGA,0,1.63,6.597651110672355,4.76837158203125e-5,mp-753629,0,0.008804855277775,FALSE,TRUE
Zr,Zr2O(s),mp-753629-GGA,0,10.977486420000032,25.292623950672414,3.457069396972656e-5,mp-753629,0,0.008804855277775,FALSE,TRUE
Zr,Zr2O(s),mp-753629-GGA,0,10.977486420000032,25.292623950672414,3.147125244140625e-5,mp-753629,0,0.008804855277775,FALSE,TRUE
Zr,Zr3O(s),mp-561418-GGA,0,1.63,8.1774194220064,4.5299530029296875e-5,mp-561418,0,8.98194375e-4,FALSE,FALSE
Zr,Zr3O(s),mp-561418-GGA,0,10.555464759999992,30.49108132200638,3.409385681152344e-5,mp-561418,0,8.98194375e-4,FALSE,FALSE
K,KO2(s),mp-1180711-GGA,0,1.63,0.3632671805813512,3.0517578125e-5,mp-1180711,0,0.038029273333334,FALSE,TRUE
K,KO2(s),mp-1180711-GGA,0,1.997547480000008,0.02078237583333357,2.9325485229492188e-05,mp-1180711,0,0.038029273333334,FALSE,TRUE
Ca,CaO(s),mp-545512-GGA,0,1.63,1.2130540915357306,3.266334533691406e-5,mp-545512,3.12,0.104324420000001,FALSE,TRUE
Ca,CaO(s),mp-545512-GGA,0,10.102915820000009,1.2130540915357295,3.170967102050781e-5,mp-545512,3.12,0.104324420000001,FALSE,TRUE
Ca,CaO(s),mp-545512-GGA,0,10.102915820000009,1.2130540915357295,3.0517578125e-5,mp-545512,3.12,0.104324420000001,FALSE,TRUE
Ca,CaO(s),mp-2605-GGA,0,1.63,1.148016046535731,3.3855438232421875e-5,mp-2605,3.6301,0,FALSE,FALSE
Ca,CaO(s),mp-2605-GGA,0,2.353194140000014,1.14801604653573,3.409385681152344e-5,mp-2605,3.6301,0,FALSE,FALSE
Ca,CaO(s),mp-2605-GGA,0,2.353194140000014,1.14801604653573,2.9325485229492188e-05,mp-2605,3.6301,0,FALSE,FALSE
Cs-Ir,CsIrO3(s),mp-984356-GGA,0,1.63,0.595063835247732,2.8729438781738e-4,mp-984356,0,0.217758143499997,FALSE,TRUE
Cs-Ir,CsIrO3(s),mp-984356-GGA,0,1.4683434199999772,0.6273951512477364,2.8252601623535e-4,mp-984356,0,0.217758143499997,FALSE,TRUE
Mg,MgO(s),mp-549706-GGA,0,1.63,0.8872336022180916,3.0040740966796875e-5,mp-549706,3.3701,0.118041992499999,FALSE,FALSE
Mg,MgO(s),mp-549706-GGA,0,2.1290467099999955,0.8872336022180916,3.0994415283203125e-5,mp-549706,3.3701,0.118041992499999,FALSE,FALSE
Rh-Sc,ScRhO3(s),mp-1196890-GGA,0,1.63,0.39416693310841816,5.6910514831542e-4,mp-1196890,1.119899999999999,0.024614263874997,FALSE,FALSE
Rh-Sc,ScRhO3(s),mp-1196890-GGA,0,1.530080899999959,0.3741831131084101,5.3858757019042e-4,mp-1196890,1.119899999999999,0.024614263874997,FALSE,FALSE
Rh-Sc,ScRhO3(s),mp-1196890-GGA,0,2.291135772499973,0.5263940876084128,5.3334236145019e-4,mp-1196890,1.119899999999999,0.024614263874997,FALSE,FALSE
Ag-Pd,Ag2PdO2(s),mp-5495-GGA,0,1.63,0.6103046310000002,0.00102877616882324,mp-5495,0,0.055673144666666,FALSE,FALSE
Ag-Pd,Ag2PdO2(s),mp-5495-GGA,0,2.9472240000000203,2.190973431000026,0.00099873542785644011,mp-5495,0,0.055673144666666,FALSE,FALSE
Ag-Au,AgAuO2(s),mp-996980-GGA,0,1.63,0.16700558910261165,0.00118017196655273,mp-996980,0,0.013503406249999,FALSE,TRUE
Ag-Au,AgAuO2(s),mp-996980-GGA,0,2.525478390000032,0.614744784102627,0.00115442276000976,mp-996980,0,0.013503406249999,FALSE,TRUE
Ta,Ta2O5(s),mp-1238961-GGA,0,1.63,0.12821914441945076,3.24249267578125e-5,mp-1238961,2.341,0.013927193571428,FALSE,TRUE
Ta,Ta2O5(s),mp-1238961-GGA,0,3.4330152400000182,0.12821914441945076,3.0517578125e-5,mp-1238961,2.341,0.013927193571428,FALSE,TRUE
Ta,Ta6O(s),mp-1218065-GGA,0,1.63,10.685289596829785,4.38690185546875e-5,mp-1218065,0,0.03125975427619,FALSE,TRUE
Ta,Ta6O(s),mp-1218065-GGA,0,4.583147209999964,22.497878436829644,3.218650817871094e-5,mp-1218065,0,0.03125975427619,FALSE,TRUE
Ta,Ta6O(s),mp-1218065-GGA,0,2.832908500000019,15.49692359682986,2.9802322387695312e-05,mp-1218065,0,0.03125975427619,FALSE,TRUE
Lu-Se,Lu2SeO2(s),mp-1206825-GGA,0,1.63,2.218449814104411,8.254051208496e-4,mp-1206825,2.0255,0,FALSE,TRUE
Lu-Se,Lu2SeO2(s),mp-1206825-GGA,0,10.434990969999989,16.3064353661044,7.9822540283203e-4,mp-1206825,2.0255,0,FALSE,TRUE
Ni,Ni3O4(s),mp-754800-GGA+U,0,1.63,0.44055337277049,5.1975250244140625e-5,mp-754800,0,0.041206718571428,FALSE,TRUE
Ni,Ni3O4(s),mp-754800-GGA+U,0,1.483430378571399,0.48243040746437593,4.76837158203125e-5,mp-754800,0,0.041206718571428,FALSE,TRUE
Ni,Ni3O4(s),mp-754800-GGA+U,0,3.013779329999994,0.1760513078571416,4.458427429199219e-5,mp-754800,0,0.041206718571428,FALSE,TRUE
Ni,Ni3O4(s),mp-656887-GGA+U,0,1.63,0.39934665419906146,4.696846008300781e-5,mp-656887,0,0,FALSE,TRUE
Ni,Ni3O4(s),mp-656887-GGA+U,0,1.9781529999999496,0.2998743684847901,4.410743713378906e-5,mp-656887,0,0,FALSE,TRUE
Sb,Sb2O3(s),mp-1999-GGA,0,1.63,0.8979851284999991,4.5299530029296875e-5,mp-1999,3.340799999999999,0.004735054499999,FALSE,FALSE
Sb,Sb2O3(s),mp-1999-GGA,0,2.0577252349999924,1.2401653164999935,4.3392181396484375e-5,mp-1999,3.340799999999999,0.004735054499999,FALSE,FALSE
Ag-Cd,CdAgO2(s),mp-996963-GGA,0,1.63,0.3974284921556468,0.00166845321655273,mp-996963,0,0.025610109999999,FALSE,TRUE
Ag-Cd,CdAgO2(s),mp-996963-GGA,0,4.342163504999991,1.0754693684056449,0.0016484260559082,mp-996963,0,0.025610109999999,FALSE,TRUE
Sn,SnO2(s),mp-755071-GGA,0,1.63,0.05701857999999996,6.2465667724609375e-05,mp-755071,1.307599999999999,0.087447203333333,FALSE,TRUE
Sn,SnO2(s),mp-755071-GGA,0,5.114921805000023,0.05701857999999996,5.888938903808594e-5,mp-755071,1.307599999999999,0.087447203333333,FALSE,TRUE
Sn,SnO2(s),mp-755071-GGA,0,3.052521735000008,0.05701857999999996,5.4836273193359375e-5,mp-755071,1.307599999999999,0.087447203333333,FALSE,TRUE
Ag-Pt,AgPtO2(s),mp-997007-GGA,0,1.63,0.4466057487499997,6.6375732421875e-4,mp-997007,0.055499999999999,0.043415518333334,FALSE,TRUE
Ag-Pt,AgPtO2(s),mp-997007-GGA,0,2.2370812099999737,0.90191665624998,6.5588951110839e-4,mp-997007,0.055499999999999,0.043415518333334,FALSE,TRUE
Au-Li,LiAuO2(s),mp-996961-GGA,0,1.63,0.28813423420466777,8.3565711975097e-4,mp-996961,1.1035,0.034068407499999,FALSE,TRUE
Au-Li,LiAuO2(s),mp-996961-GGA,0,3.620273919999988,0.46840322910261145,8.2993507385253e-4,mp-996961,1.1035,0.034068407499999,FALSE,TRUE
Au-Li,Li5AuO4(s),mp-675606-GGA,0,1.63,0.7989687453451559,8.1753730773925e-4,mp-675606,2.030999999999999,0.08314331399999901,FALSE,TRUE
Au-Li,Li5AuO4(s),mp-675606-GGA,0,1.7443254499999914,0.7989687453451568,8.1658363342285e-4,mp-675606,2.030999999999999,0.08314331399999901,FALSE,TRUE
Hf-Hg,HfHgO3(s),mp-1016841-GGA,0,1.63,0.5582093452829977,5.3071975708007e-4,mp-1016841,0,0.29905115800000204,FALSE,TRUE
Hf-Hg,HfHgO3(s),mp-1016841-GGA,0,2.558966960000007,0.5582093452829973,5.0926208496093e-4,mp-1016841,0,0.29905115800000204,FALSE,TRUE
Hf-Hg,HfHgO3(s),mp-1016841-GGA,0,2.558966960000007,0.5582093452829973,4.9281120300292e-4,mp-1016841,0,0.29905115800000204,FALSE,TRUE
Sr,SrO2(s),mp-2697-GGA,0,1.63,0.6087854315789155,3.719329833984375e-5,mp-2697,2.8495,0,FALSE,FALSE
Sr,SrO2(s),mp-2697-GGA,0,2.2352530250000084,0.2052834149122429,3.552436828613281e-5,mp-2697,2.8495,0,FALSE,FALSE
Ga-Tl,TlGaO2(s),mp-14222-GGA,0,1.63,0.7517237811997328,7.5221061706542e-4,mp-14222,2.1494,0.11901636000000002,FALSE,TRUE
Ga-Tl,TlGaO2(s),mp-14222-GGA,0,3.268879080000005,1.571163321199735,7.326602935791e-4,mp-14222,2.1494,0.11901636000000002,FALSE,TRUE
Be-Ga,Be(GaO2)2(s),mp-1227455-GGA,0,1.63,0.2828976678330094,5.6314468383789e-4,mp-1227455,2.6235,0.032124382380949,FALSE,TRUE
Be-Ga,Be(GaO2)2(s),mp-1227455-GGA,0,7.702348440000023,0.2828976678330086,5.2952766418457e-4,mp-1227455,2.6235,0.032124382380949,FALSE,TRUE
Be-Ga,Be(GaO2)2(s),mp-1227455-GGA,0,8.022435959999981,0.2828976678330071,5.1593780517578e-4,mp-1227455,2.6235,0.032124382380949,FALSE,TRUE
Au-K,K(AuO2)2(s),mp-1147657-GGA,0,1.63,0.20251420100927503,7.4434280395507e-4,mp-1147657,0,0.054280943214285,FALSE,TRUE
Au-K,K(AuO2)2(s),mp-1147657-GGA,0,1.6989406100000086,0.19266554243784556,7.1477890014648e-4,mp-1147657,0,0.054280943214285,FALSE,TRUE
Au-K,KAuO2(s),mp-27418-GGA,0,1.63,0.3459337014136261,8.0347061157226e-4,mp-27418,1.092299999999999,0.027925331249999,FALSE,FALSE
Au-K,KAuO2(s),mp-27418-GGA,0,2.663547350000002,0.8642306103526161,7.8582763671875e-4,mp-27418,1.092299999999999,0.027925331249999,FALSE,FALSE
Be-Zn,BeZn3O4(s),mp-1227367-GGA,0,1.63,0.5147740794375748,6.0963630676269e-4,mp-1227367,1.5432,0.041875926874999,FALSE,TRUE
Be-Zn,BeZn3O4(s),mp-1227367-GGA,0,2.141380310000016,0.5147740794375744,5.6362152099609e-4,mp-1227367,1.5432,0.041875926874999,FALSE,TRUE
Be-Zn,BeZn3O4(s),mp-1227367-GGA,0,1.9595836900000017,0.5147740794375748,5.5813789367675e-4,mp-1227367,1.5432,0.041875926874999,FALSE,TRUE
Au-Rb,Rb3AuO(s),mp-4405-GGA,0,1.63,2.397791475647094,9.2196464538574e-4,mp-4405,0.19789999999999905,0,FALSE,FALSE
Au-Rb,Rb3AuO(s),mp-4405-GGA,0,2.703313429999995,4.585671525282077,8.9526176452636e-4,mp-4405,0.19789999999999905,0,FALSE,FALSE
Cs-Tl,CsTlO(s),mp-1205877-GGA,0,1.63,1.480823103746222,4.5037269592285e-4,mp-1205877,1.3911,0,FALSE,TRUE
Cs-Tl,CsTlO(s),mp-1205877-GGA,0,2.0783270600000203,1.8870993850000355,4.1961669921875e-4,mp-1205877,1.3911,0,FALSE,TRUE
Cd-Se,CdSe2O5(s),mp-9178-GGA,0,1.63,0.2195302550779118,0.0010993480682373,mp-9178,2.9054,0,FALSE,FALSE
Cd-Se,CdSe2O5(s),mp-9178-GGA,0,2.4509871533333483,0.6300238317445866,0.00109076499938964,mp-9178,2.9054,0,FALSE,FALSE
Cd-Se,CdSeO3(s),mp-9186-GGA,0,1.63,0.2701303679999992,6.8831443786621e-4,mp-9186,3.0904,0,FALSE,FALSE
Cd-Se,CdSeO3(s),mp-9186-GGA,0,2.99155724000002,0.8147532640000079,6.8163871765136e-4,mp-9186,3.0904,0,FALSE,FALSE
Li-Tl,LiTlO2(s),mp-8179-GGA,0,1.63,0.4317323713520562,6.1702728271484e-4,mp-8179,0.402,0.023439265562498,FALSE,FALSE
Li-Tl,LiTlO2(s),mp-8179-GGA,0,2.228471080000006,0.4317323713520565,6.103515625e-4,mp-8179,0.402,0.023439265562498,FALSE,FALSE
Ga-Lu,LuGaO3(s),mp-755342-GGA,0,1.63,0.36069345344966025,4.7922134399414e-4,mp-755342,2.5134,0.021206369333333,FALSE,TRUE
Ga-Lu,LuGaO3(s),mp-755342-GGA,0,5.059797849999924,0.36069345344966025,4.6634674072265e-4,mp-755342,2.5134,0.021206369333333,FALSE,TRUE
Ag-Sc,ScAgO3(s),mp-776150-GGA,0,1.63,0.18865951635841932,5.4144859313964e-4,mp-776150,0.361199999999999,0.060727018708331,FALSE,TRUE
Ag-Sc,ScAgO3(s),mp-776150-GGA,0,2.0533272599999743,0.18865951635841896,5.4621696472167e-4,mp-776150,0.361199999999999,0.060727018708331,FALSE,TRUE
K-Rh,KRhO3(s),mp-975134-GGA,0,1.63,0.4377412908488104,4.580020904541e-4,mp-975134,0,0.061124044,FALSE,TRUE
K-Rh,KRhO3(s),mp-975134-GGA,0,1.7435748299999891,0.4150263248488127,4.3272972106933e-4,mp-975134,0,0.061124044,FALSE,TRUE
Hg-Pt,HgPtO2(s),mp-1178176-GGA,0,1.63,0.6677667656249999,6.40869140625e-4,mp-1178176,0,0.029065750625,FALSE,TRUE
Hg-Pt,HgPtO2(s),mp-1178176-GGA,0,2.143810160000001,1.0531243856250003,6.0987472534179e-4,mp-1178176,0,0.029065750625,FALSE,TRUE
Hf-Y,Y2HfO5(s),mp-753917-GGA,0,1.63,0.5834732800595381,4.1842460632324e-4,mp-753917,4.5615,0.028923193906244,FALSE,TRUE
Hf-Y,Y2HfO5(s),mp-753917-GGA,0,1.9032903600000712,0.5834732800595388,4.0841102600097e-4,mp-753917,4.5615,0.028923193906244,FALSE,TRUE
Hf-Y,Y2HfO5(s),mp-753917-GGA,0,5.666951594999915,0.5834732800595375,4.1103363037109e-4,mp-753917,4.5615,0.028923193906244,FALSE,TRUE
Ba,BaO(s),mp-1008500-GGA,0,1.63,1.6416263967418503,3.600120544433594e-5,mp-1008500,2.3602,0.018888297499998,FALSE,FALSE
Ba,BaO(s),mp-1008500-GGA,0,2.68147163999997,1.7513680349999694,3.600120544433594e-5,mp-1008500,2.3602,0.018888297499998,FALSE,FALSE
Ba,BaO(s),mp-1008500-GGA,0,2.68147163999997,1.7513680349999694,3.3855438232421875e-5,mp-1008500,2.3602,0.018888297499998,FALSE,FALSE
Ba,BaO(s),mp-1008500-GGA,0,3.7891571049999753,2.859053499999976,3.266334533691406e-5,mp-1008500,2.3602,0.018888297499998,FALSE,FALSE
Ba,BaO(s),mp-1008500-GGA,0,2.0282969299999967,1.6416263967418496,3.1948089599609375e-5,mp-1008500,2.3602,0.018888297499998,FALSE,FALSE
Hf-Li,Li2Hf2O5(s),mp-770743-GGA,0,1.63,0.5694434456132353,4.9805641174316e-4,mp-770743,3.812299999999999,0.097276966111115,FALSE,TRUE
Hf-Li,Li2Hf2O5(s),mp-770743-GGA,0,12.67142754000001,2.7410500233003052,4.6610832214355e-4,mp-770743,3.812299999999999,0.097276966111115,FALSE,TRUE
Cd-K,K2Cd2O3(s),mp-7534-GGA,0,1.63,1.061027209390469,8.0394744873046e-4,mp-7534,0.6513,0,FALSE,FALSE
Cd-K,K2Cd2O3(s),mp-7534-GGA,0,2.894116995000004,1.850997658177887,7.6627731323242e-4,mp-7534,0.6513,0,FALSE,FALSE
Ag-Hg,AgHgO2(s),mp-997001-GGA,0,1.63,0.2209795038284118,9.3626976013183e-4,mp-997001,0,0.034928339374999,FALSE,TRUE
Ag-Hg,AgHgO2(s),mp-997001-GGA,0,2.050823520000024,0.32618538382841766,9.1910362243652e-4,mp-997001,0,0.034928339374999,FALSE,TRUE
Ag-Hg,AgHgO2(s),mp-997000-GGA,0,1.63,0.2165164713284119,9.1481208801269e-4,mp-997000,0,0.030465306875,FALSE,TRUE
Ag-Hg,AgHgO2(s),mp-997000-GGA,0,1.593838944999988,0.207476207578409,9.0670585632324e-4,mp-997000,0,0.030465306875,FALSE,TRUE
Cd-Ge,CdGe2O5(s),mp-7762-GGA,0,1.63,0.11979018586948852,5.8197975158691e-4,mp-7762,1.4703,0.053741624218743,FALSE,FALSE
Cd-Ge,CdGe2O5(s),mp-7762-GGA,0,11.98900612833333,0.11979018586948252,5.4836273193359e-4,mp-7762,1.4703,0.053741624218743,FALSE,FALSE
Cd-Ge,CdGe2O5(s),mp-7762-GGA,0,11.98900612833333,0.11979018586948252,5.4812431335449e-4,mp-7762,1.4703,0.053741624218743,FALSE,FALSE
Ca-Rh,CaRhO3(s),mp-1181917-GGA,0,1.63,0.4337134521142918,5.500316619873e-4,mp-1181917,0,0.0250264845,FALSE,FALSE
Ca-Rh,CaRhO3(s),mp-1181917-GGA,0,2.4509906200000136,0.43371345211429146,5.5241584777832e-4,mp-1181917,0,0.0250264845,FALSE,FALSE
Ca-Rh,CaRhO3(s),mp-1181917-GGA,0,2.4509906200000136,0.43371345211429146,5.3977966308593e-4,mp-1181917,0,0.0250264845,FALSE,FALSE
Ca-Rh,CaRhO3(s),mp-1181917-GGA,0,2.4509906200000136,0.43371345211429146,5.3882598876953e-4,mp-1181917,0,0.0250264845,FALSE,FALSE
Ca-Rh,CaRhO3(s),mp-1181917-GGA,0,1.586194600000042,0.43371345211429146,5.4264068603515e-4,mp-1181917,0,0.0250264845,FALSE,FALSE
Cd-Cu,CdCu2O3(s),mp-754978-GGA,0,1.63,0.4946256799937811,0.00111293792724609,mp-754978,0,0.039499720000002,FALSE,TRUE
Cd-Cu,CdCu2O3(s),mp-754978-GGA,0,2.1417536700000146,0.5640941783121163,0.00108790397644042,mp-754978,0,0.039499720000002,FALSE,TRUE
Cd-Cu,CdCu2O3(s),mp-754978-GGA,0,4.057742970000021,1.2027572783120948,0.0010833740234375,mp-754978,0,0.039499720000002,FALSE,TRUE
Cu-Pd,CuPdO2(s),mp-996971-GGA,0,1.63,0.45821128266751265,7.1167945861816e-4,mp-996971,0,0.066066842499999,FALSE,TRUE
Cu-Pd,CuPdO2(s),mp-996971-GGA,0,1.9037569150000029,0.5950897401675144,7.033348083496e-4,mp-996971,0,0.066066842499999,FALSE,TRUE
Se-Zr,ZrSeO(s),mp-756134-GGA,0,1.63,3.1986480449883836,8.6736679077148e-4,mp-756134,0.5998,0.050689555833333,FALSE,TRUE
Se-Zr,ZrSeO(s),mp-756134-GGA,0,8.92427001000003,22.65003473832179,8.2302093505859e-4,mp-756134,0.5998,0.050689555833333,FALSE,TRUE
Se-Zr,ZrSeO(s),mp-756134-GGA,0,8.92427001000003,22.65003473832179,8.246898651123e-4,mp-756134,0.5998,0.050689555833333,FALSE,TRUE
Co,CoO2(s),mp-32686-GGA+U,0,1.63,-0.04709768230407274,3.981590270996094e-5,mp-32686,0,0.107486098333332,FALSE,FALSE
Co,CoO2(s),mp-32686-GGA+U,0,2.2269402699999867,-0.28366126499999594,4.076957702636719e-5,mp-32686,0,0.107486098333332,FALSE,FALSE
Se-Y,Y2SeO2(s),mp-755609-GGA,0,1.63,2.464564517250003,0.00102663040161132,mp-755609,1.7917,0.054074196,FALSE,TRUE
Se-Y,Y2SeO2(s),mp-755609-GGA,0,11.014511839999996,17.479783461249976,9.8514556884765e-4,mp-755609,1.7917,0.054074196,FALSE,TRUE
Se-Y,Y2SeO2(s),mp-755609-GGA,0,3.107744300000008,4.828955397250011,9.8419189453125e-4,mp-755609,1.7917,0.054074196,FALSE,TRUE
Nb-Sc,Sc3NbO7(s),mp-1173397-GGA,0,1.63,0.27385534839062586,6.7758560180664e-4,mp-1173397,2.622,0.102306958522733,FALSE,TRUE
Nb-Sc,Sc3NbO7(s),mp-1173397-GGA,0,3.9210417100000265,0.27385534839062714,6.7400932312011e-4,mp-1173397,2.622,0.102306958522733,FALSE,TRUE
Cs-Ga,Cs3GaO3(s),mp-772181-GGA,0,1.63,1.1431482937164177,7.0405006408691e-4,mp-772181,2.3721,0.041472540000002,FALSE,TRUE
Cs-Ga,Cs3GaO3(s),mp-772181-GGA,0,2.9633229999999893,2.4190750981855467,6.9379806518554e-4,mp-772181,2.3721,0.041472540000002,FALSE,TRUE
Cs-Ga,CsGaO2(s),mp-1178397-GGA,0,1.63,0.6492515740093991,7.1096420288085e-4,mp-1178397,2.7962,0.030828553906249,FALSE,TRUE
Cs-Ga,CsGaO2(s),mp-1178397-GGA,0,3.887290429999994,2.0865177824497296,6.9451332092285e-4,mp-1178397,2.7962,0.030828553906249,FALSE,TRUE
Cd-Ni,CdNiO2(s),mp-1226706-GGA+U,0,1.63,0.7665716637717661,0.00117707252502441,mp-1226706,0,0.18048752375000104,FALSE,TRUE
Cd-Ni,CdNiO2(s),mp-1226706-GGA+U,0,2.418602980000017,0.7665716637717654,0.00113821029663085,mp-1226706,0,0.18048752375000104,FALSE,TRUE
Cd-Ni,Cd(NiO2)2(s),mp-756341-GGA+U,0,1.63,0.42469754879307625,0.0011749267578125,mp-756341,0.125,0.003756616666665,FALSE,TRUE
Cd-Ni,Cd(NiO2)2(s),mp-756341-GGA+U,0,3.0513019500000187,0.1165743312317975,0.00113201141357421,mp-756341,0.125,0.003756616666665,FALSE,TRUE
Li-Se,LiSeO3(s),mp-1211104-GGA,0,1.63,0.2987412835000004,9.160041809082e-4,mp-1211104,0.5306000000000001,0.20784121066667,FALSE,TRUE
Li-Se,LiSeO3(s),mp-1211104-GGA,0,2.600810059999986,0.4929032954999976,8.8882446289062e-4,mp-1211104,0.5306000000000001,0.20784121066667,FALSE,TRUE
Hg-Se,HgSeO4(s),mp-10796-GGA,0,1.63,0,7.9107284545898e-4,mp-10796,0.8439999999999991,0,FALSE,FALSE
Hg-Se,HgSeO4(s),mp-10796-GGA,0,1.877652259999991,-2.96059473233375e-16,7.8821182250976e-4,mp-10796,0.8439999999999991,0,FALSE,FALSE
Hg-Se,HgSeO4(s),mp-10796-GGA,0,3.333974049999995,5.921189464667501e-16,7.8129768371582e-4,mp-10796,0.8439999999999991,0,FALSE,FALSE
K-Tl,KTlO(s),mp-27716-GGA,0,1.63,1.4524026014146838,5.3358078002929e-4,mp-27716,1.1638,0,FALSE,FALSE
K-Tl,KTlO(s),mp-27716-GGA,0,1.8732020299999903,1.614537288081344,5.0806999206542e-4,mp-27716,1.1638,0,FALSE,FALSE
Ag-K,KAgO2(s),mp-997102-GGA,0,1.63,0.3828666760610142,5.1832199096679e-4,mp-997102,1.1904,0.016257691249999,FALSE,TRUE
Ag-K,KAgO2(s),mp-997102-GGA,0,1.442402417500005,0.43442547497288864,5.0950050354003e-4,mp-997102,1.1904,0.016257691249999,FALSE,TRUE
Ag-K,KAgO2(s),mp-996966-GGA,0,1.63,0.40026308856101434,5.199909210205e-4,mp-996966,0.6151,0.0260826825,FALSE,TRUE
Ag-K,KAgO2(s),mp-996966-GGA,0,7.873941259999995,4.826355430000001,5.0806999206542e-4,mp-996966,0.6151,0.0260826825,FALSE,TRUE
Cu-Pt,CuPtO2(s),mp-996954-GGA,0,1.63,0.6598543264175134,8.7547302246093e-4,mp-996954,0,0.02377987171875,FALSE,TRUE
Cu-Pt,CuPtO2(s),mp-996954-GGA,0,4.2425291,2.5434141076562486,8.6307525634765e-4,mp-996954,0,0.02377987171875,FALSE,TRUE
Ag-Nb,NbAgO3(s),mp-12725-GGA,0,1.63,0.26419198238411745,0.00100278854370117,mp-12725,1.3336,0.070853922285715007,FALSE,FALSE
Ag-Nb,NbAgO3(s),mp-12725-GGA,0,8.764314929999998,3.117917954384103,9.9492073059082e-4,mp-12725,1.3336,0.070853922285715007,FALSE,FALSE
Pd-Sb,SbPdO3(s),mp-1186927-GGA,0,1.63,0.8938757930000023,0.00101900100708007,mp-1186927,0,0.5075797387499971,FALSE,TRUE
Pd-Sb,SbPdO3(s),mp-1186927-GGA,0,1.598531012500004,0.874994400500005,9.8848342895507e-4,mp-1186927,0,0.5075797387499971,FALSE,TRUE
Pd-Sb,SbPdO3(s),mp-1186927-GGA,0,2.5727417025000103,1.4595208145000094,9.8156929016113e-4,mp-1186927,0,0.5075797387499971,FALSE,TRUE
Be-Na,Na6Be8O11(s),mp-28559-GGA,0,1.63,0.7514682359275332,4.4989585876464e-4,mp-28559,3.6417,0,FALSE,FALSE
Be-Na,Na6Be8O11(s),mp-28559-GGA,0,9.978782909999993,2.359744049874626,4.2915344238281e-4,mp-28559,3.6417,0,FALSE,FALSE
Nb-Y,Y3NbO7(s),mp-1101623-GGA,0,1.63,0.6885386271348253,8.5806846618652e-4,mp-1101623,2.0899,0.254315091250006,FALSE,TRUE
Nb-Y,Y3NbO7(s),mp-1101623-GGA,0,11.01515571000003,0.6885386271348259,8.2230567932128e-4,mp-1101623,2.0899,0.254315091250006,FALSE,TRUE
Ca-Pt,CaPt3O4(s),mp-755647-GGA,0,1.63,0.9339212660089312,8.3899497985839e-4,mp-755647,0,0.05978900812499301,FALSE,TRUE
Ca-Pt,CaPt3O4(s),mp-755647-GGA,0,7.294627509999984,5.182391898508924,8.1181526184082e-4,mp-755647,0,0.05978900812499301,FALSE,TRUE
Lu-Sb,LuSbO4(s),mp-1237257-GGA,0,1.63,0.0631600837415629,6.9355964660644e-4,mp-1237257,2.3432999999999993,0,FALSE,TRUE
Lu-Sb,LuSbO4(s),mp-1237257-GGA,0,1.9278098100000285,0.0631600837415623,6.5875053405761e-4,mp-1237257,2.3432999999999993,0,FALSE,TRUE
Rb-Zr,Rb2ZrO3(s),mp-752401-GGA,0,1.63,0.8523916387042028,3.4403800964355e-4,mp-752401,3.1281,0.027464010416667,FALSE,TRUE
Rb-Zr,Rb2ZrO3(s),mp-752401-GGA,0,10.202052809999984,9.089591744056955,3.3950805664062e-4,mp-752401,3.1281,0.027464010416667,FALSE,TRUE
Sc-Ta,ScTaO4(s),mp-558781-GGA,0,1.63,0.13025619912669603,2.9802322387695e-4,mp-558781,4.027699999999999,0,FALSE,FALSE
Sc-Ta,ScTaO4(s),mp-558781-GGA,0,3.587538935000026,0.1302561991266972,2.6941299438476e-4,mp-558781,4.027699999999999,0,FALSE,FALSE
Ag-Ta,Ta3AgO8(s),mp-1101326-GGA,0,1.63,0.20986942782535264,6.2155723571777e-4,mp-1101326,2.0967,0.043633728125001,FALSE,TRUE
Ag-Ta,Ta3AgO8(s),mp-1101326-GGA,0,8.690983839999987,1.3867000678253518,6.1655044555664e-4,mp-1101326,2.0967,0.043633728125001,FALSE,TRUE
Cd-Sn,CdSnO3(s),mp-1182642-GGA,0,1.63,0.2937379097245163,0.0011451244354248,mp-1182642,0.7079000000000001,0.079610972000002,FALSE,TRUE
Cd-Sn,CdSnO3(s),mp-1182642-GGA,0,2.05583506,0.2937379097245163,0.00110054016113281,mp-1182642,0.7079000000000001,0.079610972000002,FALSE,TRUE
Cd-Sn,Cd2SnO4(s),mp-675857-GGA,0,1.63,0.3215439388921678,0.00128841400146484,mp-675857,0.2204,0.028299044285713,FALSE,TRUE
Cd-Sn,Cd2SnO4(s),mp-675857-GGA,0,2.1118598799999857,0.3215439388921674,0.00130057334899902,mp-675857,0.2204,0.028299044285713,FALSE,TRUE
Cu-Hg,CuHgO2(s),mp-772856-GGA,0,1.63,0.36456336149592583,8.2588195800781e-4,mp-772856,0,0.053407966875,FALSE,TRUE
Cu-Hg,CuHgO2(s),mp-772856-GGA,0,1.7358809200000147,0.36456336149592583,7.9131126403808e-4,mp-772856,0,0.053407966875,FALSE,TRUE
Ce-Zr,CeZr11O24(s),mp-752706-GGA,0,1.63,0.2417288149121113,6.0558319091796e-4,mp-752706,1.9568,0.016500403472219,FALSE,TRUE
Ce-Zr,CeZr11O24(s),mp-752706-GGA,0,1.7522224850000332,0.2417288149121107,5.6648254394531e-4,mp-752706,1.9568,0.016500403472219,FALSE,TRUE
Ca-Zr,CaZrO3(s),mp-542112-GGA,0,1.63,0.7343906634826638,3.976821899414e-4,mp-542112,3.2122,0.1918930845,FALSE,FALSE
Ca-Zr,CaZrO3(s),mp-542112-GGA,0,9.717317969999996,0.7343906634826652,3.7145614624023e-4,mp-542112,3.2122,0.1918930845,FALSE,FALSE
Ca-Zr,CaZrO3(s),mp-4571-GGA,0,1.63,0.5424975789826633,3.6525726318359e-4,mp-4571,3.8263,0,FALSE,FALSE
Ca-Zr,CaZrO3(s),mp-4571-GGA,0,3.716998069999975,0.5424975789826633,3.6549568176269e-4,mp-4571,3.8263,0,FALSE,FALSE
K-Y,KYO3(s),mp-1184945-GGA,0,1.63,0.9244169192863086,4.5037269592285e-4,mp-1184945,0,0.27819480691666604,FALSE,TRUE
K-Y,KYO3(s),mp-1184945-GGA,0,2.2431028350000166,0.8415466034374951,4.4178962707519e-4,mp-1184945,0,0.27819480691666604,FALSE,TRUE
Sb-Tl,TlSbO3(s),mp-30058-GGA,0,1.63,0.15839054599999933,7.0381164550781e-4,mp-30058,2.4362,7.31049e-4,FALSE,FALSE
Sb-Tl,TlSbO3(s),mp-30058-GGA,0,2.715163969999963,0.5924561339999848,7.028579711914e-4,mp-30058,2.4362,7.31049e-4,FALSE,FALSE
Ga-Li,LiGa5O8(s),mp-28146-GGA,0,1.63,0.2406801728144912,6.8974494934082e-4,mp-28146,2.8766,0,FALSE,FALSE
Ga-Li,LiGa5O8(s),mp-28146-GGA,0,2.058327596666732,0.2406801728144912,6.57320022583e-4,mp-28146,2.8766,0,FALSE,FALSE
Mn,Mn3O4(s),mp-18759-GGA+U,0,1.63,0.4663331456215801,6.175041198730469e-5,mp-18759,0.8134999999999991,0,FALSE,FALSE
Mn,Mn3O4(s),mp-18759-GGA+U,0,2.150326869999987,1.4326544756215562,6.1511993408203125e-05,mp-18759,0.8134999999999991,0,FALSE,FALSE
Mn,MnO(s),mp-999539-GGA+U,0,1.63,1.0430118744751784,6.198883056640625e-5,mp-999539,0,0.058554023750001,FALSE,FALSE
Mn,MnO(s),mp-999539-GGA+U,0,2.489976820000038,3.192953924475274,6.079673767089844e-5,mp-999539,0,0.058554023750001,FALSE,FALSE
Mn,MnO(s),mp-19006-GGA+U,0,1.63,1.0378264132251775,6.2465667724609375e-05,mp-19006,0.1844,0.05336856250000101,FALSE,FALSE
Mn,MnO(s),mp-19006-GGA+U,0,2.581321990000037,3.4161313882252697,6.127357482910156e-5,mp-19006,0.1844,0.05336856250000101,FALSE,FALSE
Mn,MnO(s),mp-19006-GGA+U,0,7.851477780000025,16.59152086322524,5.817413330078125e-5,mp-19006,0.1844,0.05336856250000101,FALSE,FALSE
Mn,MnO(s),mp-19006-GGA+U,0,7.992620590000044,16.94437788822529,5.745887756347656e-5,mp-19006,0.1844,0.05336856250000101,FALSE,FALSE
Bi-Ir,Bi12IrO20(s),mp-1214246-GGA,0,1.63,0.3266321616661794,0.00100159645080566,mp-1214246,0,0.098959526590914,FALSE,TRUE
Bi-Ir,Bi12IrO20(s),mp-1214246-GGA,0,2.5406309899999973,0.42023304306490267,9.5415115356445e-4,mp-1214246,0,0.098959526590914,FALSE,TRUE
Mo,MoO2(s),mp-715550-GGA+U,0,1.63,0.7076708887500004,5.269050598144531e-5,mp-715550,0,0.001473808333333,FALSE,TRUE
Mo,MoO2(s),mp-715550-GGA+U,0,2.578093049999993,1.3397329220833296,4.9591064453125e-5,mp-715550,0,0.001473808333333,FALSE,TRUE
Ca-Se,CaSeO4(s),mp-1190360-GGA,0,1.63,0.01502324041666784,6.3586235046386e-4,mp-1190360,3.4068,0.009511759583333,FALSE,FALSE
Ca-Se,CaSeO4(s),mp-1190360-GGA,0,4.958701860000062,0.01502324041666961,6.4039230346679e-4,mp-1190360,3.4068,0.009511759583333,FALSE,FALSE
Ca-Se,Ca2Se3O8(s),mp-28535-GGA,0,1.63,0.2619227631248687,0.00112605094909667,mp-28535,3.433,0,FALSE,FALSE
Ca-Se,Ca2Se3O8(s),mp-28535-GGA,0,3.2692675800000472,1.018507800047968,0.00109505653381347,mp-28535,3.433,0,FALSE,FALSE
Hf-Mg,HfMgO3(s),mp-1016825-GGA,0,1.63,1.073588808107504,3.7622451782226e-4,mp-1016825,1.1738,0.589504466499999,FALSE,TRUE
Hf-Mg,HfMgO3(s),mp-1016825-GGA,0,4.00554091000008,1.0735888081075025,3.5405158996582e-4,mp-1016825,1.1738,0.589504466499999,FALSE,TRUE
Ru-Sr,SrRuO3(s),mp-4525-GGA,0,1.63,0.9806714756973453,6.2823295593261e-4,mp-4525,0,0.006622184999997,FALSE,FALSE
Ru-Sr,SrRuO3(s),mp-4525-GGA,0,6.368575409999993,6.301690708749993,6.3037872314453e-4,mp-4525,0,0.006622184999997,FALSE,FALSE
Rb-Se,Rb3(SeO4)2(s),mp-1219666-GGA,0,1.63,0.06606567991859026,7.0047378540039e-4,mp-1219666,0,0.040454160576919,FALSE,TRUE
Rb-Se,Rb3(SeO4)2(s),mp-1219666-GGA,0,3.344838430000025,0.8339438931728308,6.9952011108398e-4,mp-1219666,0,0.040454160576919,FALSE,TRUE
Hg-Ni,NiHgO2(s),mp-754490-GGA+U,0,1.63,0.415356641694532,8.9979171752929e-4,mp-754490,0,0.015039719375,FALSE,TRUE
Hg-Ni,NiHgO2(s),mp-754490-GGA+U,0,3.760518919999982,0.678378556328409,8.6617469787597e-4,mp-754490,0,0.015039719375,FALSE,TRUE
Pt-Sr,Sr4PtO6(s),mp-4598-GGA,0,1.63,0.8743019749042719,6.6590309143066e-4,mp-4598,2.1959,0,FALSE,FALSE
Pt-Sr,Sr4PtO6(s),mp-4598-GGA,0,1.9464304949999591,0.8743019749042713,6.3180923461914e-4,mp-4598,2.1959,0,FALSE,FALSE
Pt-Sr,Sr4PtO6(s),mp-4598-GGA,0,1.7593925166666773,0.8743019749042719,6.3228607177734e-4,mp-4598,2.1959,0,FALSE,FALSE
Se-Sr,SrSeO3(s),mp-3395-GGA,0,1.63,0.3621527840000006,8.0609321594238e-4,mp-3395,3.7027,0,FALSE,FALSE
Se-Sr,SrSeO3(s),mp-3395-GGA,0,2.6095215400000207,0.75396140000001,7.7557563781738e-4,mp-3395,3.7027,0,FALSE,FALSE
Ge-Rb,Rb6Ge2O7(s),mp-18224-GGA,0,1.63,0.7058034657988917,4.8041343688964e-4,mp-18224,2.8402000000000003,0,FALSE,FALSE
Ge-Rb,Rb6Ge2O7(s),mp-18224-GGA,0,3.7850580500000186,2.8900498802222443,4.6038627624511e-4,mp-18224,2.8402000000000003,0,FALSE,FALSE
Ge-Rb,Rb6Ge2O7(s),mp-18224-GGA,0,1.9390204549999797,0.7058034657988922,4.5585632324218e-4,mp-18224,2.8402000000000003,0,FALSE,FALSE
Au-Bi,BiAuO2(s),mp-997082-GGA,0,1.63,0.478053171185598,0.00134730339050292,mp-997082,1.0829,0.038493021770827,FALSE,TRUE
Au-Bi,BiAuO2(s),mp-997082-GGA,0,1.5622182499999815,0.4441622961855889,0.00132513046264648,mp-997082,1.0829,0.038493021770827,FALSE,TRUE
Sc-Sn,ScSnO3(s),mp-981376-GGA,0,1.63,1.1648864463584192,7.3790550231933e-4,mp-981376,0,0.6724758995000021,FALSE,TRUE
Sc-Sn,ScSnO3(s),mp-981376-GGA,0,3.114464089999993,1.4617792643584189,7.1501731872558e-4,mp-981376,0,0.6724758995000021,FALSE,TRUE
Hg-Sb,Hg(SbO3)2(s),mp-768291-GGA,0,1.63,0.09534790055555636,4.4488906860351e-4,mp-768291,0,0.095347900555555,FALSE,TRUE
Hg-Sb,Hg(SbO3)2(s),mp-768291-GGA,0,2.4459530500000595,0.09534790055555692,4.1651725769042e-4,mp-768291,0,0.095347900555555,FALSE,TRUE
Ba-Pd,Ba2Pd2O5(s),mp-984876-GGA,0,1.63,0.7393151202186002,5.4764747619628e-4,mp-984876,0,0.068392954666665,FALSE,TRUE
Ba-Pd,Ba2Pd2O5(s),mp-984876-GGA,0,2.498601169999972,0.932337602440816,5.1093101501464e-4,mp-984876,0,0.068392954666665,FALSE,TRUE
Ba-Pd,Ba2Pd2O5(s),mp-984876-GGA,0,2.2416196600000147,0.8752306002186027,5.0163269042968e-4,mp-984876,0,0.068392954666665,FALSE,TRUE
Ge-K,K4GeO4(s),mp-14411-GGA,0,1.63,0.8276312720714311,4.744529724121e-4,mp-14411,2.7733,0,FALSE,FALSE
Ge-K,K4GeO4(s),mp-14411-GGA,0,7.284997210000014,7.910981145740759,4.5228004455566e-4,mp-14411,2.7733,0,FALSE,FALSE
Mg-Se,MgSeO4(s),mp-560670-GGA,0,1.63,0.00396960292657914,8.704662322998e-4,mp-560670,3.1255,0.001840512083333,FALSE,FALSE
Mg-Se,MgSeO4(s),mp-560670-GGA,0,3.699736834999998,0.00396960292658003,8.5330009460449e-4,mp-560670,3.1255,0.001840512083333,FALSE,FALSE
Na-Zn,Na6ZnO4(s),mp-7664-GGA,0,1.63,1.3237815655828986,6.3061714172363e-4,mp-7664,1.533599999999999,0,FALSE,TRUE
Na-Zn,Na6ZnO4(s),mp-7664-GGA,0,8.19373167000002,4.005289557280842,5.9890747070312e-4,mp-7664,1.533599999999999,0,FALSE,TRUE
Cs-Sr,Cs2Sr2O3(s),mp-753801-GGA,0,1.63,1.6902026824215457,4.3344497680664e-4,mp-753801,2.394599999999999,0.067239008571429,FALSE,TRUE
Cs-Sr,Cs2Sr2O3(s),mp-753801-GGA,0,4.398309260000006,4.830883696428583,3.9958953857421e-4,mp-753801,2.394599999999999,0.067239008571429,FALSE,TRUE
Cs-Sr,CsSrO3(s),mp-1183972-GGA,0,1.63,1.1930383591950815,4.3582916259765e-4,mp-1183972,0,0.45468993300000105,FALSE,TRUE
Cs-Sr,CsSrO3(s),mp-1183972-GGA,0,4.715482059999988,1.857398632999996,4.0888786315917e-4,mp-1183972,0,0.45468993300000105,FALSE,TRUE
Ga-Na,NaGa11O18(s),mp-1200040-GGA,0,1.63,0.2680388043780674,5.6886672973632e-4,mp-1200040,0.0714,0.051969948916663,FALSE,FALSE
Ga-Na,NaGa11O18(s),mp-1200040-GGA,0,1.9467546200000216,0.246921829711399,5.4192543029785e-4,mp-1200040,0.0714,0.051969948916663,FALSE,FALSE
Bi-Rh,BiRhO3(s),mp-573119-GGA,0,1.63,0.38229726716639834,6.9141387939453e-4,mp-573119,0.41030000000000005,0.061984177374994,FALSE,FALSE
Bi-Rh,BiRhO3(s),mp-573119-GGA,0,5.121030540000036,1.36762983450001,6.7877769470214e-4,mp-573119,0.41030000000000005,0.061984177374994,FALSE,FALSE
Bi-Rh,BiRhO3(s),mp-573119-GGA,0,5.121030540000036,1.36762983450001,6.7591667175292e-4,mp-573119,0.41030000000000005,0.061984177374994,FALSE,FALSE
Bi-Rh,BiRhO3(s),mp-573119-GGA,0,1.6652859099999466,0.3893544491663878,6.6637992858886e-4,mp-573119,0.41030000000000005,0.061984177374994,FALSE,FALSE
Bi-Rh,BiRhO3(s),mp-573119-GGA,0,1.6652859099999466,0.3893544491663878,6.6637992858886e-4,mp-573119,0.41030000000000005,0.061984177374994,FALSE,FALSE
Bi-Cd,Cd2Bi6O11(s),mp-676923-GGA,0,1.63,0.4551776695914281,0.00109124183654785,mp-676923,1.840599999999999,0.121392227894739,FALSE,TRUE
Bi-Cd,Cd2Bi6O11(s),mp-676923-GGA,0,2.1170646450000272,0.4551776695914281,0.00108122825622558,mp-676923,1.840599999999999,0.121392227894739,FALSE,TRUE
Ga-Sb,GaSbO4(s),mp-1224786-GGA,0,1.63,0,8.9883804321289e-4,mp-1224786,0.7966999999999991,0,FALSE,TRUE
Ga-Sb,GaSbO4(s),mp-1224786-GGA,0,4.613521149999977,0,8.6379051208496e-4,mp-1224786,0.7966999999999991,0,FALSE,TRUE
K-Ni,K3NiO2(s),mp-1102898-GGA+U,0,1.63,1.854001581532773,6.6471099853515e-4,mp-1102898,1.599899999999999,0.035455082499999,FALSE,FALSE
K-Ni,K3NiO2(s),mp-1102898-GGA+U,0,6.665896969999992,10.39301360916665,6.3061714172363e-4,mp-1102898,1.599899999999999,0.035455082499999,FALSE,FALSE
K-Ni,K3NiO2(s),mp-1102898-GGA+U,0,6.665896969999992,10.39301360916665,6.2966346740722e-4,mp-1102898,1.599899999999999,0.035455082499999,FALSE,FALSE
Ta-Y,Y11Ta5O28(s),mp-757588-GGA,0,1.63,0.5743919264523349,4.4512748718261e-4,mp-757588,0.3999,0.033147856910618,FALSE,TRUE
Ta-Y,Y11Ta5O28(s),mp-757588-GGA,0,11.294807610000063,1.0137013632705238,4.2557716369628e-4,mp-757588,0.3999,0.033147856910618,FALSE,TRUE
W,WO2(s),mp-19372-GGA+U,0,1.63,1.0461372837500014,3.790855407714844e-5,mp-19372,0,0,FALSE,FALSE
W,WO2(s),mp-19372-GGA+U,0,1.499449299999967,0.9591034837499798,3.528594970703125e-5,mp-19372,0,0,FALSE,FALSE
Ba-Pt,Ba4(PtO3)3(s),mp-757840-GGA,0,1.63,0.6960820099334253,5.1069259643554e-4,mp-757840,1.5148,0,FALSE,TRUE
Ba-Pt,Ba4(PtO3)3(s),mp-757840-GGA,0,3.0692116300000274,1.1247242778125166,4.7826766967773e-4,mp-757840,1.5148,0,FALSE,TRUE
Ba-Pt,Ba4(PtO3)3(s),mp-757840-GGA,0,3.0692116300000274,1.1247242778125166,4.7564506530761e-4,mp-757840,1.5148,0,FALSE,TRUE
Ba-Pt,BaPtO3(s),mp-1183290-GGA,0,1.63,0.6193799536967404,4.8708915710449e-4,mp-1183290,0,0.099315742266672,FALSE,TRUE
Ba-Pt,BaPtO3(s),mp-1183290-GGA,0,1.4847301999999876,0.6193799536967404,4.7469139099121e-4,mp-1183290,0,0.099315742266672,FALSE,TRUE
Ba-Pt,BaPtO3(s),mp-1183290-GGA,0,1.7444010719999827,0.6193799536967404,4.6777725219726e-4,mp-1183290,0,0.099315742266672,FALSE,TRUE
Ba-Pt,BaPtO3(s),mp-1183290-GGA,0,4.102399499999977,1.2316477529999907,4.7230720520019e-4,mp-1183290,0,0.099315742266672,FALSE,TRUE
Ba-Sc,BaScO3(s),mp-1183289-GGA,0,1.63,0.6427723470551576,5.037784576416e-4,mp-1183289,0,0.026701069166656,FALSE,TRUE
Ba-Sc,BaScO3(s),mp-1183289-GGA,0,3.203845610000002,0.5808494683584179,4.7183036804199e-4,mp-1183289,0,0.026701069166656,FALSE,TRUE
Ba-Sc,BaScO3(s),mp-1183289-GGA,0,3.280242144999977,0.5961287753584145,4.7731399536132e-4,mp-1183289,0,0.026701069166656,FALSE,TRUE
K-Mg,K2Mg2O3(s),mp-753662-GGA,0,1.63,1.2782130853372102,3.8313865661621e-4,mp-753662,3.078899999999999,0.007680514642857,FALSE,TRUE
K-Mg,K2Mg2O3(s),mp-753662-GGA,0,2.130012203333313,1.413236569838889,3.5429000854492e-4,mp-753662,3.078899999999999,0.007680514642857,FALSE,TRUE
K-Mg,K2Mg2O3(s),mp-753662-GGA,0,3.1823667683333365,2.315254768410339,3.4809112548828e-4,mp-753662,3.078899999999999,0.007680514642857,FALSE,TRUE
K-Mg,KMgO3(s),mp-1184960-GGA,0,1.63,0.8949129707360463,3.6525726318359e-4,mp-1184960,0,0.3745328185,FALSE,TRUE
K-Mg,KMgO3(s),mp-1184960-GGA,0,2.7124625100000093,0.6894220878872339,3.4928321838378e-4,mp-1184960,0,0.3745328185,FALSE,TRUE
K-Mg,KMgO3(s),mp-1184960-GGA,0,2.7124625100000093,0.6894220878872339,3.52144241333e-4,mp-1184960,0,0.3745328185,FALSE,TRUE
K-Mg,KMgO3(s),mp-1184960-GGA,0,8.740863150000038,0.6894220878872417,3.4976005554199e-4,mp-1184960,0,0.3745328185,FALSE,TRUE
Ag-Ba,BaAgO2(s),mp-996990-GGA,0,1.63,0.7510817533709269,7.2407722473144e-4,mp-996990,0,0,FALSE,TRUE
Ag-Ba,BaAgO2(s),mp-996990-GGA,0,2.0477279049999773,0.8555137296209212,7.0571899414062e-4,mp-996990,0,0,FALSE,TRUE
Li-Sb,Li3SbO4(s),mp-5769-GGA,0,1.63,0.3703629993027411,8.3851814270019e-4,mp-5769,3.056,0,FALSE,FALSE
Li-Sb,Li3SbO4(s),mp-5769-GGA,0,3.036467116666709,0.41611939138885656,8.0513954162597e-4,mp-5769,3.056,0,FALSE,FALSE
Ge-Sb,Ge3Sb2O9(s),mp-17708-GGA,0,1.63,0.29881952571428577,7.631778717041e-4,mp-17708,3.0481,0.03230210035714,FALSE,FALSE
Ge-Sb,Ge3Sb2O9(s),mp-17708-GGA,0,1.573806354999997,0.282764198571428,7.2956085205078e-4,mp-17708,3.0481,0.03230210035714,FALSE,FALSE
Li-Sn,Li2SnO4(s),mp-1222981-GGA,0,1.63,0.3789316844023495,9.0289115905761e-4,mp-1222981,2.275299999999999,0.08331775538095301,FALSE,TRUE
Li-Sn,Li2SnO4(s),mp-1222981-GGA,0,3.2052829400000045,0.01630370142856842,8.85009765625e-4,mp-1222981,2.275299999999999,0.08331775538095301,FALSE,TRUE
Sr-Zr,SrZrO3(s),mp-4387-GGA,0,1.63,0.5543521833157214,4.9138069152832e-4,mp-4387,3.6122,0,FALSE,FALSE
Sr-Zr,SrZrO3(s),mp-4387-GGA,0,4.358803434999999,1.280602298368369,4.8112869262695e-4,mp-4387,3.6122,0,FALSE,FALSE
Sr-Zr,SrZrO3(s),mp-4387-GGA,0,3.347506370000006,0.8760834723683721,4.8065185546875e-4,mp-4387,3.6122,0,FALSE,FALSE
Ba-Cs,Cs2Ba2O3(s),mp-752539-GGA,0,1.63,1.8355227949206756,4.3559074401855e-4,mp-752539,1.451099999999999,0.08164313857142601,FALSE,TRUE
Ba-Cs,Cs2Ba2O3(s),mp-752539-GGA,0,4.206108800000025,4.685316377857179,4.122257232666e-4,mp-752539,1.451099999999999,0.08164313857142601,FALSE,TRUE
Ba-Cs,Cs2Ba2O3(s),mp-754272-GGA,0,1.63,1.7782740192063895,4.0960311889648e-4,mp-754272,1.9378,0.02439436285714,FALSE,TRUE
Ba-Cs,Cs2Ba2O3(s),mp-754272-GGA,0,2.980623319999993,2.877374059285704,4.0316581726074e-4,mp-754272,1.9378,0.02439436285714,FALSE,TRUE
Ba-Cs,Cs2Ba2O3(s),mp-754272-GGA,0,2.980623319999993,2.877374059285704,4.0125846862792e-4,mp-754272,1.9378,0.02439436285714,FALSE,TRUE
Mg-Ta,MgTa4O12(s),mp-1234639-GGA,0,1.63,0.3116681139004991,5.0878524780273e-4,mp-1234639,0,0.18369458558824,FALSE,TRUE
Mg-Ta,MgTa4O12(s),mp-1234639-GGA,0,3.891533809999985,0.04560531272403105,4.7850608825683e-4,mp-1234639,0,0.18369458558824,FALSE,TRUE
Ba-Zr,Ba3Zr2O7(s),mp-755895-GGA,0,1.63,0.7261203270112356,5.190372467041e-4,mp-755895,2.6976,0,FALSE,TRUE
Ba-Zr,Ba3Zr2O7(s),mp-755895-GGA,0,9.155649549999948,4.018080101140289,4.8184394836425e-4,mp-755895,2.6976,0,FALSE,TRUE
Ba-Zr,Ba2ZrO4(s),mp-8335-GGA,0,1.63,0.8425147359013246,4.8017501831054e-4,mp-8335,2.9787999999999992,0,FALSE,FALSE
Ba-Zr,Ba2ZrO4(s),mp-8335-GGA,0,10.407284359999991,5.319974369191692,4.7683715820312e-4,mp-8335,2.9787999999999992,0,FALSE,FALSE
Ba-Zr,BaZrO3(s),mp-1019544-GGA,0,1.63,0.5678666255651116,5.1665306091308e-4,mp-1019544,3.1163,0,FALSE,FALSE
Ba-Zr,BaZrO3(s),mp-1019544-GGA,0,2.5537196975000027,0.5678666255651124,4.8232078552246e-4,mp-1019544,3.1163,0,FALSE,FALSE
Ba-Zr,BaZrO3(s),mp-1019544-GGA,0,4.319043230000077,1.2667919168684008,4.7826766967773e-4,mp-1019544,3.1163,0,FALSE,FALSE
Ba-Zr,BaZrO3(s),mp-3834-GGA,0,1.63,0.567690902565112,4.8327445983886e-4,mp-3834,3.0377,7.172199999949669e-5,FALSE,FALSE
Ba-Zr,BaZrO3(s),mp-3834-GGA,0,11.035082799999984,3.9530320218683586,4.7802925109863e-4,mp-3834,3.0377,7.172199999949669e-5,FALSE,FALSE
Ba-Zr,BaZrO3(s),mp-3834-GGA,0,11.035082799999984,3.9530320218683586,4.7683715820312e-4,mp-3834,3.0377,7.172199999949669e-5,FALSE,FALSE
Cd-Mo,Cd2Mo3O8(s),mp-1213890-GGA+U,0,1.63,0.7027783508457812,9.9945068359375e-4,mp-1213890,1.5881,0.022391889230767,FALSE,TRUE
Cd-Mo,Cd2Mo3O8(s),mp-1213890-GGA+U,0,7.023250559999994,3.19197091699962,9.5200538635253e-4,mp-1213890,1.5881,0.022391889230767,FALSE,TRUE
Lu-Mo,Lu2Mo4O15(s),mp-1210966-GGA+U,0,1.63,0.04569255951898705,9.0003013610839e-4,mp-1210966,3.3038,0.028162127559516,FALSE,TRUE
Lu-Mo,Lu2Mo4O15(s),mp-1210966-GGA+U,0,3.065578960000011,0.04569255951898705,8.5973739624023e-4,mp-1210966,3.3038,0.028162127559516,FALSE,TRUE
Co-Pt,Co(PtO2)3(s),mp-19238-GGA+U,0,1.63,0.2149335548087784,5.6052207946777e-4,mp-19238,0.1366,0,FALSE,FALSE
Co-Pt,Co(PtO2)3(s),mp-19238-GGA+U,0,1.8736876233333424,0.2767647940000032,5.5098533630371e-4,mp-19238,0.1366,0,FALSE,FALSE
Co-Pt,Co(PtO2)3(s),mp-19238-GGA+U,0,2.097844698333336,0.34401191650000096,5.497932434082e-4,mp-19238,0.1366,0,FALSE,FALSE
Ba-Y,Ba3Y2O6(s),mp-1178535-GGA,0,1.63,1.2384374186205522,6.3514709472656e-4,mp-1178535,2.2132,0.034526742272725,FALSE,TRUE
Ba-Y,Ba3Y2O6(s),mp-1178535-GGA,0,10.46087130000005,5.541605399488666,6.0248374938964e-4,mp-1178535,2.2132,0.034526742272725,FALSE,TRUE
Bi-Sc,ScBiO3(s),mp-555313-GGA,0,1.63,0.30036875102481736,4.7945976257324e-4,mp-555313,2.6897,0.033733753875001,FALSE,FALSE
Bi-Sc,ScBiO3(s),mp-555313-GGA,0,2.5575112100000728,0.33114327735842436,4.8327445983886e-4,mp-555313,2.6897,0.033733753875001,FALSE,FALSE
Cr-Pd,CrPdO2(s),mp-1063607-GGA+U,0,1.63,0.9137950315581091,9.6297264099121e-4,mp-1063607,0,0,FALSE,FALSE
Cr-Pd,CrPdO2(s),mp-1063607-GGA+U,0,3.961453469999968,4.410975236558057,9.5176696777343e-4,mp-1063607,0,0,FALSE,FALSE
Cr-Pd,CrPdO2(s),mp-1063607-GGA+U,0,3.0973625700000165,3.1148388865581316,9.2005729675292e-4,mp-1063607,0,0,FALSE,FALSE
Ca-Ge,Ca2Ge7O16(s),mp-29273-GGA,0,1.63,0.0862981725123841,4.0531158447265e-4,mp-29273,2.948,0.022897469933318,FALSE,FALSE
Ca-Ge,Ca2Ge7O16(s),mp-29273-GGA,0,2.7742316279999786,0.08629817251238378,3.7527084350585e-4,mp-29273,2.948,0.022897469933318,FALSE,FALSE
Mg-Rb,RbMgO3(s),mp-1186884-GGA,0,1.63,0.932518946675572,3.5047531127929e-4,mp-1186884,0,0.40636991600000005,FALSE,TRUE
Mg-Rb,RbMgO3(s),mp-1186884-GGA,0,4.3096389183333175,0.731607323887237,3.4046173095703e-4,mp-1186884,0,0.40636991600000005,FALSE,TRUE
Mg-Rb,RbMgO3(s),mp-1186884-GGA,0,8.369862014999995,0.7316073238872377,3.3998489379882e-4,mp-1186884,0,0.40636991600000005,FALSE,TRUE
Ag-Bi,AgBiO3(s),mp-23548-GGA,0,1.63,0.12333651766639804,0.00107717514038085,mp-23548,0,0.049876170999993,FALSE,FALSE
Ag-Bi,AgBiO3(s),mp-23548-GGA,0,3.6486753899999655,0.2632274619999954,0.00106334686279296,mp-23548,0,0.049876170999993,FALSE,FALSE
Ag-Bi,AgBiO3(s),mp-775774-GGA,0,1.63,0.10137819666639772,0.0010998249053955,mp-775774,0,0.027917849999993,FALSE,TRUE
Ag-Bi,AgBiO3(s),mp-775774-GGA,0,1.9750738099999972,0.10137819666639772,0.00109004974365234,mp-775774,0,0.027917849999993,FALSE,TRUE
Ag-Bi,AgBiO3(s),mp-775774-GGA,0,2.133002733333313,0.10137819666639772,0.00108647346496582,mp-775774,0,0.027917849999993,FALSE,TRUE
Rb-Sb,Rb2Sb4O11(s),mp-558023-GGA,0,1.63,0.00422247252255052,4.8780441284179e-4,mp-558023,1.8332,0,FALSE,FALSE
Rb-Sb,Rb2Sb4O11(s),mp-558023-GGA,0,2.867469468750005,0.3227930951470634,4.5251846313476e-4,mp-558023,1.8332,0,FALSE,FALSE
Rb-Sb,RbSbO2(s),mp-10418-GGA,0,1.63,0.9485966247354144,6.3347816467285e-4,mp-10418,2.2483,0,FALSE,FALSE
Rb-Sb,RbSbO2(s),mp-10418-GGA,0,5.1849685000000125,5.141167721250013,5.953311920166e-4,mp-10418,2.2483,0,FALSE,FALSE
Rb-Sb,RbSbO2(s),mp-10418-GGA,0,5.1849685000000125,5.141167721250013,5.958080291748e-4,mp-10418,2.2483,0,FALSE,FALSE
Ba-Zn,BaZnO3(s),mp-1183405-GGA,0,1.63,0.754028376714567,6.871223449707e-4,mp-1183405,0,0.17429412799999602,FALSE,TRUE
Ba-Zn,BaZnO3(s),mp-1183405-GGA,0,2.050167915000006,0.5859612107145644,6.9379806518554e-4,mp-1183405,0,0.17429412799999602,FALSE,TRUE
Ge-Sr,Sr3GeO(s),mp-30950-GGA,0,1.63,5.43005757667538,4.8470497131347e-4,mp-30950,0.31880000000000003,0,FALSE,FALSE
Ge-Sr,Sr3GeO(s),mp-30950-GGA,0,3.569805470000034,9.765699115833428,4.7206878662109e-4,mp-30950,0.31880000000000003,0,FALSE,FALSE
Co-Cs,Cs6Co2O7(s),mp-773199-GGA+U,0,1.63,0.8094206439071705,4.6992301940917e-4,mp-773199,1.1644,0,FALSE,TRUE
Co-Cs,Cs6Co2O7(s),mp-773199-GGA+U,0,1.6729576633333427,0.797965267018279,4.3916702270507e-4,mp-773199,1.1644,0,FALSE,TRUE
Co-Cs,Cs6Co2O7(s),mp-773199-GGA+U,0,1.6930439800000268,0.7926089159071634,4.3201446533203e-4,mp-773199,1.1644,0,FALSE,TRUE
Li-Nb,LiNbO2(s),mp-3924-GGA,0,1.63,1.3102608293322078,8.6092948913574e-4,mp-3924,1.579499999999999,0,FALSE,FALSE
Li-Nb,LiNbO2(s),mp-3924-GGA,0,9.449998920000027,6.857960534230191,8.4519386291503e-4,mp-3924,1.579499999999999,0,FALSE,FALSE
Li-Nb,LiNbO2(s),mp-3924-GGA,0,9.449998920000027,6.857960534230191,8.4948539733886e-4,mp-3924,1.579499999999999,0,FALSE,FALSE
Li-Nb,LiNbO2(s),mp-3924-GGA,0,8.18407244999996,5.908515681730137,8.4519386291503e-4,mp-3924,1.579499999999999,0,FALSE,FALSE
Ca-Sr,Sr3CaO4(s),mp-1079940-GGA,0,1.63,1.3608761290352138,4.8756599426269e-4,mp-1079940,3.294499999999999,0.033803752499999,FALSE,TRUE
Ca-Sr,Sr3CaO4(s),mp-1079940-GGA,0,2.5510652899999995,1.366791486008932,4.8136711120605e-4,mp-1079940,3.294499999999999,0.033803752499999,FALSE,TRUE
Ca-Sr,SrCa3O4(s),mp-978844-GGA,0,1.63,1.247855152368892,4.9042701721191e-4,mp-978844,3.3723,0.040153662499999,FALSE,TRUE
Ca-Sr,SrCa3O4(s),mp-978844-GGA,0,1.619783100000044,1.247855152368892,4.8422813415527e-4,mp-978844,3.3723,0.040153662499999,FALSE,TRUE
Sb-Sn,SnSbO4(s),mp-1218921-GGA,0,1.63,0.2321285641666672,0.0012667179107666,mp-1218921,0,0.091531251458329,FALSE,TRUE
Sb-Sn,SnSbO4(s),mp-1218921-GGA,0,2.31352225222225,0.34604893953704224,0.00121974945068359,mp-1218921,0,0.091531251458329,FALSE,TRUE
Sb-Sn,SnSbO4(s),mp-1218921-GGA,0,2.521283715000066,0.3806758500000124,0.00121760368347167,mp-1218921,0,0.091531251458329,FALSE,TRUE
Cu-Li,Li3CuO3(s),mp-19970-GGA,0,1.63,0.6217873659849601,7.2026252746582e-4,mp-19970,1.178,0,FALSE,FALSE
Cu-Li,Li3CuO3(s),mp-19970-GGA,0,3.493044093999996,0.832957406803569,7.1334838867187e-4,mp-19970,1.178,0,FALSE,FALSE
Ba-Ca,BaCaO2(s),mp-1018097-GGA,0,1.63,1.5814247278887903,5.1307678222656e-4,mp-1018097,2.119799999999999,0.19948631000000003,FALSE,TRUE
Ba-Ca,BaCaO2(s),mp-1018097-GGA,0,1.4997934449999666,1.5814247278887903,4.8637390136718e-4,mp-1018097,2.119799999999999,0.19948631000000003,FALSE,TRUE
Hg-Mn,Mn2HgO4(s),mp-1176488-GGA+U,0,1.63,0.29644851260207006,0.0011446475982666,mp-1176488,0.5427999999999991,0.008577295624999,FALSE,TRUE
Hg-Mn,Mn2HgO4(s),mp-1176488-GGA+U,0,1.8232778900000288,0.5173375297449647,0.00112438201904296,mp-1176488,0.5427999999999991,0.008577295624999,FALSE,TRUE
Hg-Mo,Hg2Mo2O7(s),mp-554533-GGA+U,0,1.63,0.20771418573884665,8.5401535034179e-4,mp-554533,2.198899999999999,0.005388446249995,FALSE,FALSE
Hg-Mo,Hg2Mo2O7(s),mp-554533-GGA+U,0,4.030938680000006,0.6442484911933946,8.4614753723144e-4,mp-554533,2.198899999999999,0.005388446249995,FALSE,FALSE
Bi-Se,Bi2SeO2(s),mp-552098-GGA,0,1.63,1.6501632698885338,0.00141310691833496,mp-552098,0.36869999999999903,0,FALSE,FALSE
Bi-Se,Bi2SeO2(s),mp-552098-GGA,0,2.0382127299999704,2.29521341045741,0.00139951705932617,mp-552098,0.36869999999999903,0,FALSE,FALSE
Bi-Se,Bi2SeO2(s),mp-552098-GGA,0,5.756147880000002,8.945186037124657,0.0013892650604248,mp-552098,0.36869999999999903,0,FALSE,FALSE
Bi-Se,Bi2Se3O10(s),mp-1193554-GGA,0,1.63,-2.96059473233375e-16,0.0012366771697998,mp-1193554,3.2263,0,FALSE,FALSE
Bi-Se,Bi2Se3O10(s),mp-1193554-GGA,0,1.8065500200000024,0.0389897779022578,0.00123167037963867,mp-1193554,3.2263,0,FALSE,FALSE
Cr-Sc,ScCrO3(s),mp-18961-GGA+U,0,1.63,0.48918611360490727,7.638931274414e-4,mp-18961,2.417799999999999,0.036846917874999,FALSE,FALSE
Cr-Sc,ScCrO3(s),mp-18961-GGA+U,0,9.512095039999892,5.218443137604839,7.2860717773437e-4,mp-18961,2.417799999999999,0.036846917874999,FALSE,FALSE
Bi-Y,Y2BiO2(s),mp-1070510-GGA,0,1.63,2.9574846895413933,7.2932243347167e-4,mp-1070510,0,0,FALSE,FALSE
Bi-Y,Y2BiO2(s),mp-1070510-GGA,0,9.513441360000044,11.56729359087505,6.8950653076171e-4,mp-1070510,0,0,FALSE,FALSE
Bi-Y,YBiO3(s),mp-754152-GGA,0,1.63,0.540313872103896,6.6685676574707e-4,mp-754152,2.476099999999999,0.047674832874999,FALSE,TRUE
Bi-Y,YBiO3(s),mp-754152-GGA,0,1.8381278100000311,0.5403138721038964,6.5279006958007e-4,mp-754152,2.476099999999999,0.047674832874999,FALSE,TRUE
Bi-Y,YBiO3(s),mp-754152-GGA,0,1.8381278100000311,0.5403138721038964,6.4849853515625e-4,mp-754152,2.476099999999999,0.047674832874999,FALSE,TRUE
Bi-Rb,Rb2Bi2O5(s),mp-975106-GGA,0,1.63,0.480130866616371,5.5885314941406e-4,mp-975106,0,0.003322946666666,FALSE,TRUE
Bi-Rb,Rb2Bi2O5(s),mp-975106-GGA,0,2.313237470000007,0.5676092194444473,5.2070617675781e-4,mp-975106,0,0.003322946666666,FALSE,TRUE
Cd-Mg,Mg3CdO4(s),mp-1099255-GGA,0,1.63,0.8941262558663907,9.6011161804199e-4,mp-1099255,1.8327,0.12872797375,FALSE,TRUE
Cd-Mg,Mg3CdO4(s),mp-1099255-GGA,0,1.797997765000019,0.8941262558663916,9.3388557434082e-4,mp-1099255,1.8327,0.12872797375,FALSE,TRUE
Sn-Zn,ZnSnO3(s),mp-14628-GGA,0,1.63,0.25797282801782656,0.00105810165405273,mp-14628,1.3215,0.05493057999999901,FALSE,FALSE
Sn-Zn,ZnSnO3(s),mp-14628-GGA,0,2.7237256399999863,0.25797282801782656,0.00104403495788574,mp-14628,1.3215,0.05493057999999901,FALSE,FALSE
Ca-Cu,CaCuO2(s),mp-4826-GGA,0,1.63,0.7573008034353794,7.5364112854003e-4,mp-4826,0,0.015604196666667,FALSE,FALSE
Ca-Cu,CaCuO2(s),mp-4826-GGA,0,2.553930280000075,0.912446329674136,7.336139678955e-4,mp-4826,0,0.015604196666667,FALSE,FALSE
Ca-Cu,Ca2CuO3(s),mp-5869-GGA,0,1.63,0.8788903278021634,7.5316429138183e-4,mp-5869,0,0.001753907777779,FALSE,FALSE
Ca-Cu,Ca2CuO3(s),mp-5869-GGA,0,6.097741900000003,1.572955948627989,7.3647499084472e-4,mp-5869,0,0.001753907777779,FALSE,FALSE
Ag-Cr,Cr3AgO8(s),mp-546111-GGA+U,0,1.63,0.22300703280811027,0.00119495391845703,mp-546111,1.2442,0,FALSE,TRUE
Ag-Cr,Cr3AgO8(s),mp-546111-GGA+U,0,1.6222955599999784,0.2197968494747681,0.00115418434143066,mp-546111,1.2442,0,FALSE,TRUE
Ag-Cr,CrAgO2(s),mp-1096875-GGA+U,0,1.63,0.6220895696831101,9.8228454589843e-4,mp-1096875,1.1658,0.092479916874986,FALSE,TRUE
Ag-Cr,CrAgO2(s),mp-1096875-GGA+U,0,2.0473001999999765,1.143714819683081,9.7417831420898e-4,mp-1096875,1.1658,0.092479916874986,FALSE,TRUE
Co-Se,CoSeO5(s),mp-1213781-GGA+U,0,1.63,0.09731672678571432,0.001220703125,mp-1213781,0,0.253816356071427,FALSE,TRUE
Co-Se,CoSeO5(s),mp-1213781-GGA+U,0,1.784859496666674,0.05307115630952198,0.00122308731079101,mp-1213781,0,0.253816356071427,FALSE,TRUE
Ba-Ta,Ba5Ta4O15(s),mp-504554-GGA,0,1.63,0.42373766226211895,0.0010521411895751901,mp-504554,3.0865,0,FALSE,FALSE
Ba-Ta,Ba5Ta4O15(s),mp-504554-GGA,0,2.0303284620000115,0.4237376622621183,0.00100302696228027,mp-504554,3.0865,0,FALSE,FALSE
Ti,TiO(s),mp-1071163-GGA,0,1.63,2.586985302500002,3.814697265625e-5,mp-1071163,0,0,FALSE,FALSE
Ti,TiO(s),mp-1071163-GGA,0,9.671823349999997,18.27277057844444,3.695487976074219e-5,mp-1071163,0,0,FALSE,FALSE
Sn-Sr,Sr2SnO4(s),mp-3376-GGA,0,1.63,0.6813732470676427,9.0813636779785e-4,mp-3376,2.578,0.005311964285713,FALSE,FALSE
Sn-Sr,Sr2SnO4(s),mp-3376-GGA,0,2.873008119999995,0.8698475171428542,8.9597702026367e-4,mp-3376,2.578,0.005311964285713,FALSE,FALSE
Sn-Sr,Sr2SnO4(s),mp-3376-GGA,0,2.873008119999995,0.8698475171428542,8.9287757873535e-4,mp-3376,2.578,0.005311964285713,FALSE,FALSE
Sn-Sr,SrSnO3(s),mp-12867-GGA,0,1.63,0.42355746894734914,9.3054771423339e-4,mp-12867,1.5550000000000002,0.006706956999999,FALSE,FALSE
Sn-Sr,SrSnO3(s),mp-12867-GGA,0,2.3860646599999686,0.4235574689473494,8.9120864868164e-4,mp-12867,1.5550000000000002,0.006706956999999,FALSE,FALSE
Sn-Sr,SrSnO3(s),mp-546973-GGA,0,1.63,0.4598178779473482,8.9049339294433e-4,mp-546973,0.9698,0.047734773499999,FALSE,FALSE
Sn-Sr,SrSnO3(s),mp-546973-GGA,0,3.236621513333345,0.7371952243333368,8.8262557983398e-4,mp-546973,0.9698,0.047734773499999,FALSE,FALSE
Ba-Sr,BaSr3O4(s),mp-984729-GGA,0,1.63,1.488287119711743,5.7721138000488e-4,mp-984729,2.5199,0.044253557499999,FALSE,TRUE
Ba-Sr,BaSr3O4(s),mp-984729-GGA,0,1.8706941650000204,1.4882871197117429,5.4645538330078e-4,mp-984729,2.5199,0.044253557499999,FALSE,TRUE
Co-Nb,Nb2Co4O9(s),mp-1276507-GGA+U,0,1.63,0.27185649207949397,0.00112009048461914,mp-1276507,1.8793,0.013479990333346,FALSE,TRUE
Co-Nb,Nb2Co4O9(s),mp-1276507-GGA+U,0,4.423518149999993,0.9867278712560804,0.0010843276977539,mp-1276507,1.8793,0.013479990333346,FALSE,TRUE
Mo-Y,Y2Mo4O15(s),mp-1203448-GGA+U,0,1.63,0.07349091473214335,8.7690353393554e-4,mp-1203448,3.3185,0.018407632440467,FALSE,FALSE
Mo-Y,Y2Mo4O15(s),mp-1203448-GGA+U,0,3.2533486499999507,0.07349091473214335,8.3470344543457e-4,mp-1203448,3.3185,0.018407632440467,FALSE,FALSE
Mo-Y,Y2Mo4O15(s),mp-1203448-GGA+U,0,2.61904992428578,0.07349091473214386,8.2969665527343e-4,mp-1203448,3.3185,0.018407632440467,FALSE,FALSE
Mo-Y,Y2Mo4O15(s),mp-1203448-GGA+U,0,2.915949109999974,0.07349091473214335,8.2588195800781e-4,mp-1203448,3.3185,0.018407632440467,FALSE,FALSE
Mo-Y,Y2Mo4O15(s),mp-1203448-GGA+U,0,1.8078606500000547,0.07349091473214335,8.2755088806152e-4,mp-1203448,3.3185,0.018407632440467,FALSE,FALSE
Co-K,K10Co4O9(s),mp-690511-GGA+U,0,1.63,1.242264224338769,5.7673454284667e-4,mp-690511,0.34090000000000004,0,FALSE,TRUE
Co-K,K10Co4O9(s),mp-690511-GGA+U,0,1.8096636699999915,1.2539013011930649,5.4907798767089e-4,mp-690511,0.34090000000000004,0,FALSE,TRUE
Bi-Sn,SnBiO4(s),mp-754839-GGA,0,1.63,0.10986361888866576,9.777545928955e-4,mp-754839,0,0.08908806166666301,FALSE,TRUE
Bi-Sn,SnBiO4(s),mp-754839-GGA,0,2.98323919499997,-0.05455347624999737,9.777545928955e-4,mp-754839,0,0.08908806166666301,FALSE,TRUE
Bi-Sn,SnBiO4(s),mp-754839-GGA,0,2.427974979999976,-0.0082814583333306,9.620189666748e-4,mp-754839,0,0.08908806166666301,FALSE,TRUE
Ba-Cu,Ba10Cu5O17(s),mp-766417-GGA,0,1.63,0.9426275543183508,8.5234642028808e-4,mp-766417,0,0.005603222343748,FALSE,TRUE
Ba-Cu,Ba10Cu5O17(s),mp-766417-GGA,0,1.4233511883333354,0.9684586557766838,8.0084800720214e-4,mp-766417,0,0.005603222343748,FALSE,TRUE
Bi-Li,Li(Bi3O5)4(s),mp-769006-GGA,0,1.63,0.30075484546642967,7.3099136352539e-4,mp-769006,0,0.08436550696971801,FALSE,TRUE
Bi-Li,Li(Bi3O5)4(s),mp-769006-GGA,0,1.7120419649999694,0.29329648501188665,6.8569183349609e-4,mp-769006,0,0.08436550696971801,FALSE,TRUE
Mo-Ni,Ni2Mo3O8(s),mp-1209899-GGA+U,0,1.63,0.820857746282996,0.00113248825073242,mp-1209899,0.102199999999999,0.162765702692308,FALSE,TRUE
Mo-Ni,Ni2Mo3O8(s),mp-1209899-GGA+U,0,2.1471376599999985,1.059536666282995,0.00106620788574218,mp-1209899,0.102199999999999,0.162765702692308,FALSE,TRUE
Mo-Ni,NiMo4O15(s),mp-1180053-GGA+U,0,1.63,0.16163808757322196,0.00117349624633789,mp-1180053,0.4503,0.172636908312495,FALSE,FALSE
Mo-Ni,NiMo4O15(s),mp-1180053-GGA+U,0,5.198245745000008,-0.4275203372500087,0.00113105773925781,mp-1180053,0.4503,0.172636908312495,FALSE,FALSE
Mo-Ni,NiMo4O15(s),mp-1180053-GGA+U,0,3.9454987399999935,-0.23960828650000643,0.00111150741577148,mp-1180053,0.4503,0.172636908312495,FALSE,FALSE
Cr-Nb,NbCrO4(s),mp-758053-GGA+U,0,1.63,0.2798439246921814,0.00136852264404296,mp-758053,0,0.006427617321383,FALSE,TRUE
Cr-Nb,NbCrO4(s),mp-758053-GGA+U,0,2.477772974999982,0.7037304121921734,0.0013124942779541,mp-758053,0,0.006427617321383,FALSE,TRUE
Cr-Nb,NbCrO4(s),mp-754908-GGA+U,0,1.63,0.3148784296921813,0.0013279914855957,mp-754908,0.775999999999999,0.041462122321384,FALSE,TRUE
Cr-Nb,NbCrO4(s),mp-754908-GGA+U,0,3.488639630000009,1.244198244692189,0.00128388404846191,mp-754908,0.775999999999999,0.041462122321384,FALSE,TRUE
Cr-Nb,NbCrO4(s),mp-754908-GGA+U,0,3.488639630000009,1.244198244692189,0.0012962818145751901,mp-754908,0.775999999999999,0.041462122321384,FALSE,TRUE
Co-Ni,Co4NiO8(s),mp-755484-GGA+U,0,1.63,0.23366446952427716,0.00107479095458984,mp-755484,0,0.143315593626376,FALSE,TRUE
Co-Ni,Co4NiO8(s),mp-755484-GGA+U,0,1.82188102500002,0.16945185703572593,0.00103116035461425,mp-755484,0,0.143315593626376,FALSE,TRUE
Co-Ni,CoNiO3(s),mp-1279343-GGA+U,0,1.63,0.18109134491045217,9.0837478637695e-4,mp-1279343,0.9607,3.66710999998e-4,FALSE,TRUE
Co-Ni,CoNiO3(s),mp-1279343-GGA+U,0,3.1948262300000176,3.6671100000091e-4,8.9597702026367e-4,mp-1279343,0.9607,3.66710999998e-4,FALSE,TRUE
Al,Al2O3(s),mp-1143-GGA,0,1.63,0.34988731616313373,3.6716461181640625e-5,mp-1143,5.853700000000001,0,FALSE,FALSE
Al,Al2O3(s),mp-1143-GGA,0,2.4316433199999947,0.34988731616313373,3.528594970703125e-5,mp-1143,5.853700000000001,0,FALSE,FALSE
Cr-Ta,TaCrO4(s),mp-756340-GGA+U,0,1.63,0.33829651403342176,9.3340873718261e-4,mp-756340,1.088999999999999,0.02324682249999,FALSE,TRUE
Cr-Ta,TaCrO4(s),mp-756340-GGA+U,0,19.672286400000004,9.359439714033428,9.2339515686035e-4,mp-756340,1.088999999999999,0.02324682249999,FALSE,TRUE
Cr-K,K4CrO4(s),mp-1211715-GGA+U,0,1.63,1.0410943414676292,6.0248374938964e-4,mp-1211715,0,0,FALSE,TRUE
Cr-K,K4CrO4(s),mp-1211715-GGA+U,0,6.586967540000032,8.295286330692544,5.5813789367675e-4,mp-1211715,0,0,FALSE,TRUE
Mo-Sr,SrMoO3(s),mp-18747-GGA+U,0,1.63,0.9087627091973498,7.0476531982421e-4,mp-18747,0,0.084097525000004,FALSE,FALSE
Mo-Sr,SrMoO3(s),mp-18747-GGA+U,0,4.279438579999963,2.663042314249973,6.9952011108398e-4,mp-18747,0,0.084097525000004,FALSE,FALSE
Mg-Zn,Mg3ZnO4(s),mp-753315-GGA,0,1.63,0.7698008147997109,8.7308883666992e-4,mp-753315,3.4746,0.033079269999999,FALSE,TRUE
Mg-Zn,Mg3ZnO4(s),mp-753315-GGA,0,1.6393738500000012,0.7698008147997109,8.6045265197753e-4,mp-753315,3.4746,0.033079269999999,FALSE,TRUE
Mg-Zn,Mg3ZnO4(s),mp-753315-GGA,0,3.131718109999995,0.7698008147997113,8.5616111755371e-4,mp-753315,3.4746,0.033079269999999,FALSE,TRUE
Cr-Sb,CrSbO4(s),mp-754974-GGA+U,0,1.63,0.2673503810387414,9.5510482788085e-4,mp-754974,1.8455,0.11956073291665,FALSE,TRUE
Cr-Sb,CrSbO4(s),mp-754974-GGA+U,0,3.3392251499999897,1.1219629560387372,9.0813636779785e-4,mp-754974,1.8455,0.11956073291665,FALSE,TRUE
Cr-Sb,CrSbO4(s),mp-33857-GGA+U,0,1.63,0.14778964812207493,9.2744827270507e-4,mp-33857,0.8623000000000001,0,FALSE,TRUE
Cr-Sb,CrSbO4(s),mp-33857-GGA+U,0,2.2908467899999128,0.4782130431220318,9.1433525085449e-4,mp-33857,0.8623000000000001,0,FALSE,TRUE
Cr-Sb,CrSbO4(s),mp-33857-GGA+U,0,3.815693756666641,1.240636526455397,9.0384483337402e-4,mp-33857,0.8623000000000001,0,FALSE,TRUE
Cr-Sb,CrSbO4(s),mp-33857-GGA+U,0,3.0666777649999686,0.8661285306220599,9.1981887817382e-4,mp-33857,0.8623000000000001,0,FALSE,TRUE
Cr-Sb,Cr5Sb3O16(s),mp-771316-GGA+U,0,1.63,0.31313684129842684,0.00122976303100585,mp-771316,0.273499999999999,0.110501645520823,FALSE,TRUE
Cr-Sb,Cr5Sb3O16(s),mp-771316-GGA+U,0,2.9764667300000136,1.0424729867151008,0.00119519233703613,mp-771316,0.273499999999999,0.110501645520823,FALSE,TRUE
Mo-Zn,ZnMoO4(s),mp-16882-GGA+U,0,1.63,0.12915164161207718,9.5272064208984e-4,mp-16882,3.5481,2.03276388889e-4,FALSE,FALSE
Mo-Zn,ZnMoO4(s),mp-16882-GGA+U,0,3.592358389999987,0.12915164161207748,9.3579292297363e-4,mp-16882,3.5481,2.03276388889e-4,FALSE,FALSE
Mg-Ni,Mg3NiO4(s),mp-1099253-GGA+U,0,1.63,0.7363434818466272,8.3184242248535e-4,mp-1099253,3.2945,0,FALSE,TRUE
Mg-Ni,Mg3NiO4(s),mp-1099253-GGA+U,0,2.575856569999984,0.7363434818466272,8.2254409790039e-4,mp-1099253,3.2945,0,FALSE,TRUE
Ba-Co,Ba3CoO5(s),mp-1214566-GGA+U,0,1.63,0.8599308151154325,8.707046508789e-4,mp-1214566,0.42209999999999903,1.58691388895e-4,FALSE,TRUE
Ba-Co,Ba3CoO5(s),mp-1214566-GGA+U,0,2.12012123999999,0.7929450686612363,8.4972381591796e-4,mp-1214566,0.42209999999999903,1.58691388895e-4,FALSE,TRUE
Sb-W,Sb2WO6(s),mp-28918-GGA+U,0,1.63,0.47986299347222366,8.7380409240722e-4,mp-28918,1.189099999999999,0,FALSE,TRUE
Sb-W,Sb2WO6(s),mp-28918-GGA+U,0,1.9664678099999693,0.6294042423610987,8.3303451538085e-4,mp-28918,1.189099999999999,0,FALSE,TRUE
Cd-Ti,Ti2CdO6(s),mp-1079829-GGA,0,1.63,0.2395516215136221,7.7438354492187e-4,mp-1079829,0,0.17507207138889003,FALSE,FALSE
Cd-Ti,Ti2CdO6(s),mp-1079829-GGA,0,7.794831720000033,1.4326869263778264,7.7366828918457e-4,mp-1079829,0,0.17507207138889003,FALSE,FALSE
Cd-Ti,TiCdO3(s),mp-1016846-GGA,0,1.63,0.415143471724517,6.8926811218261e-4,mp-1016846,0,0.19823604300000003,FALSE,TRUE
Cd-Ti,TiCdO3(s),mp-1016846-GGA,0,2.6151043700000267,0.6500406501023136,6.7448616027832e-4,mp-1016846,0,0.19823604300000003,FALSE,TRUE
Cd-Ti,TiCdO3(s),mp-1016846-GGA,0,4.545653979999978,1.4222604941022978,6.8521499633789e-4,mp-1016846,0,0.19823604300000003,FALSE,TRUE
Mn-Sn,Mn5SnO8(s),mp-1221361-GGA+U,0,1.63,0.5997474058751269,0.00162291526794433,mp-1221361,0,0.08822212607143001,FALSE,TRUE
Mn-Sn,Mn5SnO8(s),mp-1221361-GGA+U,0,2.9002113500000357,2.6865231951609005,0.0016186237335205,mp-1221361,0,0.08822212607143001,FALSE,TRUE
Mn-Sn,Mn5SnO8(s),mp-1221361-GGA+U,0,2.109820589999956,1.388024089446484,0.00160455703735351,mp-1221361,0,0.08822212607143001,FALSE,TRUE
Mn-Sn,Mn3SnO8(s),mp-753706-GGA+U,0,1.63,0.07702153994592287,0.00162196159362792,mp-753706,1.3795,0.056645924375001,FALSE,TRUE
Mn-Sn,Mn3SnO8(s),mp-753706-GGA+U,0,1.8941291799999735,0.27511842494590305,0.00159287452697753,mp-753706,1.3795,0.056645924375001,FALSE,TRUE
Bi-Co,Co(BiO3)2(s),mp-756112-GGA+U,0,1.63,0.0214213305279749,8.2087516784667e-4,mp-756112,0,0.090861742777778,FALSE,TRUE
Bi-Co,Co(BiO3)2(s),mp-756112-GGA+U,0,1.9060990183332835,-0.0831395064817612,7.8225135803222e-4,mp-756112,0,0.090861742777778,FALSE,TRUE
Bi-Co,Co(BiO3)2(s),mp-756112-GGA+U,0,1.6412607649999411,0.01641654608355658,7.8010559082031e-4,mp-756112,0,0.090861742777778,FALSE,TRUE
Al-Ir,AlIrO3(s),mp-1183133-GGA,0,1.63,1.4924997160815667,5.9270858764648e-4,mp-1183133,0,1.079925231749998,FALSE,TRUE
Al-Ir,AlIrO3(s),mp-1183133-GGA,0,4.173718184999956,2.923205996309919,5.5575370788574e-4,mp-1183133,0,1.079925231749998,FALSE,TRUE
Al-Ir,AlIrO3(s),mp-1183133-GGA,0,6.904633764999943,4.561755344309914,5.4574012756347e-4,mp-1183133,0,1.079925231749998,FALSE,TRUE
Sc-Ti,ScTiO3(s),mp-754092-GGA,0,1.63,0.7326108493584165,6.8950653076171e-4,mp-754092,0,0.096638373874998,FALSE,TRUE
Sc-Ti,ScTiO3(s),mp-754092-GGA,0,10.408232309999944,5.840405665736162,6.9570541381835e-4,mp-754092,0,0.096638373874998,FALSE,TRUE
Sc-Ti,Sc2TiO5(s),mp-753401-GGA,0,1.63,0.15947388794802309,6.0868263244628e-4,mp-753401,3.1323,0,FALSE,TRUE
Sc-Ti,Sc2TiO5(s),mp-753401-GGA,0,21.75565053000001,5.091421164434141,5.6648254394531e-4,mp-753401,3.1323,0,FALSE,TRUE
Mn-Sr,Sr16Mn8O29(s),mp-767781-GGA+U,0,1.63,0.818181180422468,0.0010995864868164,mp-767781,0.3805,0,FALSE,TRUE
Mn-Sr,Sr16Mn8O29(s),mp-767781-GGA+U,0,4.878124439999953,4.066521077860376,0.00106978416442871,mp-767781,0.3805,0,FALSE,TRUE
Sr-W,Sr3WO6(s),mp-755326-GGA+U,0,1.63,0.5639023360460242,5.0830841064453e-4,mp-755326,3.4987,0,FALSE,TRUE
Sr-W,Sr3WO6(s),mp-755326-GGA+U,0,9.117405970000007,4.508439029625009,5.0759315490722e-4,mp-755326,3.4987,0,FALSE,TRUE
Sr-W,Sr3WO6(s),mp-755326-GGA+U,0,7.781447520000071,3.706863959625048,4.9901008605957e-4,mp-755326,3.4987,0,FALSE,TRUE
Al-Cd,Al22CdO34(s),mp-674298-GGA,0,1.63,0.3860967475893852,8.3804130554199e-4,mp-674298,2.3255,0.029695692543859,FALSE,TRUE
Al-Cd,Al22CdO34(s),mp-674298-GGA,0,2.04542365000006,0.3860967475893845,7.9035758972167e-4,mp-674298,2.3255,0.029695692543859,FALSE,TRUE
Al-Cd,Al4CdO7(s),mp-1190488-GGA,0,1.63,0.3808275758544921,7.3909759521484e-4,mp-1190488,3.0642,0,FALSE,FALSE
Al-Cd,Al4CdO7(s),mp-1190488-GGA,0,9.505789260000071,0.3808275758544936,6.9570541381835e-4,mp-1190488,3.0642,0,FALSE,FALSE
Al-Cd,Al4CdO7(s),mp-1190488-GGA,0,9.505789260000071,0.3808275758544936,6.9451332092285e-4,mp-1190488,3.0642,0,FALSE,FALSE
Al-Cd,Al4CdO7(s),mp-1190488-GGA,0,14.551544889999986,0.3808275758544936,6.9618225097656e-4,mp-1190488,3.0642,0,FALSE,FALSE
Fe,FeO(s),mp-1283030-GGA+U,0,1.63,0.9112909020964406,6.413459777832031e-5,mp-1283030,1.7989000000000002,0.014061861249999,FALSE,TRUE
Fe,FeO(s),mp-1283030-GGA+U,0,3.11667569999996,3.058883624581722,5.9604644775390625e-5,mp-1283030,1.7989000000000002,0.014061861249999,FALSE,TRUE
Co-Mo,Co2Mo3O8(s),mp-17824-GGA+U,0,1.63,0.7765131373019665,9.2816352844238e-4,mp-17824,0,0.134944759230767,FALSE,FALSE
Co-Mo,Co2Mo3O8(s),mp-17824-GGA+U,0,3.24895219000004,1.755445180673099,8.7594985961914e-4,mp-17824,0,0.134944759230767,FALSE,FALSE
Ti-Zr,ZrTi2O(s),mp-1215204-GGA,0,1.63,7.301115919835466,5.9986114501953e-4,mp-1215204,0,0,FALSE,TRUE
Ti-Zr,ZrTi2O(s),mp-1215204-GGA,0,9.413666920000011,34.14608871577996,5.8937072753906e-4,mp-1215204,0,0,FALSE,TRUE
Ti-Zr,ZrTi2O(s),mp-1215204-GGA,0,9.413666920000011,34.14608871577996,5.8341026306152e-4,mp-1215204,0,0,FALSE,TRUE
Ti-Zr,ZrTi2O(s),mp-752953-GGA,0,1.63,7.420943532335466,5.9223175048828e-4,mp-752953,0,0.119827612499996,FALSE,TRUE
Ti-Zr,ZrTi2O(s),mp-752953-GGA,0,8.884952299999938,32.4154151582797,5.8770179748535e-4,mp-752953,0,0.119827612499996,FALSE,TRUE
Ti-Zr,ZrTi2O(s),mp-752953-GGA,0,8.884952299999938,32.4154151582797,5.8603286743164e-4,mp-752953,0,0.119827612499996,FALSE,TRUE
Mg-Sr,SrMg3O4(s),mp-1218196-GGA,0,1.63,1.2055671160056614,5.2618980407714e-4,mp-1218196,0,0.24905752124999703,FALSE,TRUE
Mg-Sr,SrMg3O4(s),mp-1218196-GGA,0,7.522341590000041,2.450357976663577,4.9543380737304e-4,mp-1218196,0,0.24905752124999703,FALSE,TRUE
Ca-W,Ca3WO6(s),mp-779906-GGA+U,0,1.63,0.4923466525464392,4.1627883911132e-4,mp-779906,3.5587,0.024652345999994,FALSE,FALSE
Ca-W,Ca3WO6(s),mp-779906-GGA+U,0,2.254069434999951,0.4923466525464392,4.0364265441894e-4,mp-779906,3.5587,0.024652345999994,FALSE,FALSE
Ca-W,Ca3WO6(s),mp-779906-GGA+U,0,1.6322611774999587,0.4923466525464392,3.8886070251464e-4,mp-779906,3.5587,0.024652345999994,FALSE,FALSE
Ba-Mn,BaMn2O3(s),mp-27323-GGA+U,0,1.63,1.223818388564069,0.00114989280700683,mp-27323,0,0.030057706875007,FALSE,FALSE
Ba-Mn,BaMn2O3(s),mp-27323-GGA+U,0,7.739085009999982,13.128078407983416,0.00114917755126953,mp-27323,0,0.030057706875007,FALSE,FALSE
Ba-Mn,BaMn2O3(s),mp-27323-GGA+U,0,7.895730919999991,13.441370227983434,0.00113558769226074,mp-27323,0,0.030057706875007,FALSE,FALSE
Cr-Mo,CrMoO4(s),mp-1213733-GGA+U,0,1.63,0.40436426124707686,0.00114703178405761,mp-1213733,0,0,FALSE,TRUE
Cr-Mo,CrMoO4(s),mp-1213733-GGA+U,0,2.975051950000009,1.3010655612470845,0.0011301040649414,mp-1213733,0,0,FALSE,TRUE
Cr-Mo,CrMoO4(s),mp-1213733-GGA+U,0,2.975051950000009,1.3010655612470845,0.00114011764526367,mp-1213733,0,0,FALSE,TRUE
Mg-W,MgWO4(s),mp-609151-GGA+U,0,1.63,0.20893453678103135,4.0507316589355e-4,mp-609151,3.3081,0.026891210833333,FALSE,TRUE
Mg-W,MgWO4(s),mp-609151-GGA+U,0,10.146759573333355,0.20893453678103668,4.0030479431152e-4,mp-609151,3.3081,0.026891210833333,FALSE,TRUE
Co-Mg,Mg(CoO2)2(s),mp-770890-GGA+U,0,1.63,0.2726640286588213,5.8627128601074e-4,mp-770890,0.16639999999999902,0.06669596714285801,FALSE,TRUE
Co-Mg,Mg(CoO2)2(s),mp-770890-GGA+U,0,3.375936090000067,0.2404496063480264,5.807876586914e-4,mp-770890,0.16639999999999902,0.06669596714285801,FALSE,TRUE
Co-Mg,Mg(CoO2)2(s),mp-770890-GGA+U,0,2.032085159999932,0.2404496063480264,5.8579444885253e-4,mp-770890,0.16639999999999902,0.06669596714285801,FALSE,TRUE
K-Ti,K2Ti2O5(s),mp-28075-GGA,0,1.63,0.32019195927645605,4.6944618225097e-4,mp-28075,3.2005999999999992,0,FALSE,FALSE
K-Ti,K2Ti2O5(s),mp-28075-GGA,0,6.550048150000025,5.381761623197566,4.4703483581542e-4,mp-28075,3.2005999999999992,0,FALSE,FALSE
Mg-Mo,Mg2Mo3O8(s),mp-19139-GGA+U,0,1.63,0.7854212328940259,6.0033798217773e-4,mp-19139,0.0021,0.046332940384615,FALSE,FALSE
Mg-Mo,Mg2Mo3O8(s),mp-19139-GGA+U,0,6.921901189999957,3.2278371667401564,5.8674812316894e-4,mp-19139,0.0021,0.046332940384615,FALSE,FALSE
Al-Ga,AlGaO3(s),mp-756686-GGA,0,1.63,0.38565834304135327,5.5432319641113e-4,mp-756686,3.0761,0.107533476999998,FALSE,TRUE
Al-Ga,AlGaO3(s),mp-756686-GGA,0,7.144708160000036,0.38565834304135366,5.4550170898437e-4,mp-756686,3.0761,0.107533476999998,FALSE,TRUE
Nb-Ti,Ti3NbO8(s),mp-1217129-GGA,0,1.63,0.21372465891005216,0.0012886524200439401,mp-1217129,0,0.037792079391032,FALSE,TRUE
Nb-Ti,Ti3NbO8(s),mp-1217129-GGA,0,3.647104349999879,1.191438151048865,0.00125074386596679,mp-1217129,0,0.037792079391032,FALSE,TRUE
Al-Cs,Cs3AlO3(s),mp-562441-GGA,0,1.63,1.196308787017689,4.7612190246582e-4,mp-562441,2.2572,0,FALSE,FALSE
Al-Cs,Cs3AlO3(s),mp-562441-GGA,0,2.485288880000028,1.8576202943440137,4.427433013916e-4,mp-562441,2.2572,0,FALSE,FALSE
Mn-W,Mn3WO6(s),mp-19158-GGA+U,0,1.63,0.5525841830601017,9.9706649780273e-4,mp-19158,1.8192,0.008992960499996,FALSE,FALSE
Mn-W,Mn3WO6(s),mp-19158-GGA+U,0,2.277416800000012,1.5237093830601205,9.3746185302734e-4,mp-19158,1.8192,0.008992960499996,FALSE,FALSE
Ag-Al,AlAgO2(s),mp-1096824-GGA,0,1.63,0.4794043351019561,0.00120186805725097,mp-1096824,1.0623,0.081438373749977,FALSE,TRUE
Ag-Al,AlAgO2(s),mp-1096824-GGA,0,2.2900884200000062,0.8094485451019597,0.00116252899169921,mp-1096824,1.0623,0.081438373749977,FALSE,TRUE
Ag-Al,AlAgO2(s),mp-9631-GGA,0,1.63,0.39796596135195594,0.00115656852722167,mp-9631,1.4090999999999991,0,FALSE,FALSE
Ag-Al,AlAgO2(s),mp-9631-GGA,0,2.301847629999969,0.733889776351941,0.00115633010864257,mp-9631,1.4090999999999991,0,FALSE,FALSE
Ag-Al,AlAgO2(s),mp-9631-GGA,0,6.272515970000017,2.7192239463519634,0.00114822387695312,mp-9631,1.4090999999999991,0,FALSE,FALSE
Ag-Al,AlAgO3(s),mp-1253488-GGA,0,1.63,0.30418363758156486,0.00116229057312011,mp-1253488,0.0622,0.139520041833333,FALSE,TRUE
Ag-Al,AlAgO3(s),mp-1253488-GGA,0,1.62820731999999,0.30418363758156486,0.00115203857421875,mp-1253488,0.0622,0.139520041833333,FALSE,TRUE
Mg-Sn,Mg2SnO4(s),mp-34022-GGA,0,1.63,0.44101050841033845,7.0762634277343e-4,mp-34022,2.7149,0,FALSE,TRUE
Mg-Sn,Mg2SnO4(s),mp-34022-GGA,0,1.9424646349999928,0.44101050841033845,7.028579711914e-4,mp-34022,2.7149,0,FALSE,TRUE
Cu-Ti,Ti3CuO8(s),mp-1103016-GGA,0,1.63,0.0858913546391727,7.2574615478515e-4,mp-1103016,0,0.089538365260418,FALSE,TRUE
Cu-Ti,Ti3CuO8(s),mp-1103016-GGA,0,2.7002740000000074,0.30762912802431747,6.8950653076171e-4,mp-1103016,0,0.089538365260418,FALSE,TRUE
Cu-Ti,Ti3CuO8(s),mp-1103016-GGA,0,2.270305780000044,0.12847570302433256,6.8163871765136e-4,mp-1103016,0,0.089538365260418,FALSE,TRUE
Cu-Ti,Ti3CuO8(s),mp-1103016-GGA,0,2.270305780000044,0.12847570302433256,6.8140029907226e-4,mp-1103016,0,0.089538365260418,FALSE,TRUE
Li-Ni,Li19Ni23O42(s),mp-698842-GGA+U,0,1.63,0.5366279394218949,7.7414512634277e-4,mp-698842,0,0.006217282063493,FALSE,TRUE
Li-Ni,Li19Ni23O42(s),mp-698842-GGA+U,0,3.1690614999999296,0.3756723991666475,7.4529647827148e-4,mp-698842,0,0.006217282063493,FALSE,TRUE
Li-Ni,Li19Ni23O42(s),mp-698842-GGA+U,0,2.572344879999989,0.32347850227903985,7.32421875e-4,mp-698842,0,0.006217282063493,FALSE,TRUE
Ti-Zn,TiZn2O4(s),mp-542737-GGA,0,1.63,0.3172985814540389,9.5272064208984e-4,mp-542737,2.309699999999999,0.029988540357143,FALSE,FALSE
Ti-Zn,TiZn2O4(s),mp-542737-GGA,0,9.956638170000062,2.5826633660096197,9.2720985412597e-4,mp-542737,2.309699999999999,0.029988540357143,FALSE,FALSE
Ni-Ti,TiNiO3(s),mp-675030-GGA+U,0,1.63,0.2317606007928962,7.0714950561523e-4,mp-675030,2.3354,0.020319030499999,FALSE,TRUE
Ni-Ti,TiNiO3(s),mp-675030-GGA+U,0,2.9303475800000323,0.6371383268777976,7.0619583129882e-4,mp-675030,2.3354,0.020319030499999,FALSE,TRUE
Cr-Mn,Mn5CrO8(s),mp-1221988-GGA+U,0,1.63,0.530125424534586,0.00141215324401855,mp-1221988,0.3824,0.014343292499999,FALSE,TRUE
Cr-Mn,Mn5CrO8(s),mp-1221988-GGA+U,0,1.480020929999995,0.37599879812374326,0.00139045715332031,mp-1221988,0.3824,0.014343292499999,FALSE,TRUE
Sn-Ti,Ti(SnO2)2(s),mp-18288-GGA,0,1.63,1.013526557499998,0.00116753578186035,mp-18288,1.077499999999999,0.002559667857144,FALSE,FALSE
Sn-Ti,Ti(SnO2)2(s),mp-18288-GGA,0,1.3835325400000618,0.8726880089286058,0.00115394592285156,mp-18288,1.077499999999999,0.002559667857144,FALSE,FALSE
V,VO2(s),mp-1102963-GGA+U,0,1.63,0.7864722276613817,7.2002410888671875e-05,mp-1102963,0,0.042956806666651,FALSE,FALSE
V,VO2(s),mp-1102963-GGA+U,0,1.8372236449999837,0.9936958726613656,7.128715515136719e-5,mp-1102963,0,0.042956806666651,FALSE,FALSE
V,VO2(s),mp-1102963-GGA+U,0,3.479489297142765,2.6359615248041464,6.842613220214844e-5,mp-1102963,0,0.042956806666651,FALSE,FALSE
Co-Na,NaCo3O4(s),mp-752749-GGA+U,0,1.63,0.506610443477143,3.5667419433593e-4,mp-752749,0,0.06481083687500301,FALSE,TRUE
Co-Na,NaCo3O4(s),mp-752749-GGA+U,0,1.883077358333348,0.6027333341666743,3.514289855957e-4,mp-752749,0,0.06481083687500301,FALSE,TRUE
Cs-Fe,Cs3FeO3(s),mp-1193066-GGA+U,0,1.63,1.1022727904155531,7.1573257446289e-4,mp-1193066,2.1129,0,FALSE,FALSE
Cs-Fe,Cs3FeO3(s),mp-1193066-GGA+U,0,2.757745200000031,2.3612736013091413,6.6781044006347e-4,mp-1193066,2.1129,0,FALSE,FALSE
Cs-Fe,Cs4FeO3(s),mp-1205381-GGA+U,0,1.63,1.5623240839559411,7.0405006408691e-4,mp-1205381,0.39029999999999904,0,FALSE,FALSE
Cs-Fe,Cs4FeO3(s),mp-1205381-GGA+U,0,5.270818500000006,8.126118186457962,6.7567825317382e-4,mp-1205381,0.39029999999999904,0,FALSE,FALSE
Al-Sb,Al5Sb3O16(s),mp-1214826-GGA,0,1.63,0.15420859820996627,0.0010228157043457,mp-1214826,0,0.06414573333333501,FALSE,TRUE
Al-Sb,Al5Sb3O16(s),mp-1214826-GGA,0,2.539820999999989,0.07839018154329953,9.8252296447753e-4,mp-1214826,0,0.06414573333333501,FALSE,TRUE
Al-Sb,AlSbO4(s),mp-676861-GGA,0,1.63,0.04983562090130888,6.3943862915039e-4,mp-676861,1.6178,0,FALSE,TRUE
Al-Sb,AlSbO4(s),mp-676861-GGA,0,2.186943820000053,0.04983562090130829,6.2918663024902e-4,mp-676861,1.6178,0,FALSE,TRUE
Bi-Ti,Ti4Bi2O11(s),mp-28962-GGA,0,1.63,0.06639831480376698,6.4301490783691e-4,mp-28962,2.0411,0.009529484852945,FALSE,FALSE
Bi-Ti,Ti4Bi2O11(s),mp-28962-GGA,0,5.842205250000051,2.072703603679802,5.8650970458984e-4,mp-28962,2.0411,0.009529484852945,FALSE,FALSE
Bi-Ti,Ti4Bi2O11(s),mp-28962-GGA,0,5.842205250000051,2.072703603679802,6.0129165649414e-4,mp-28962,2.0411,0.009529484852945,FALSE,FALSE
Bi-Ti,Ti2Bi2O7(s),mp-1200889-GGA,0,1.63,0.10468653265127094,6.1297416687011e-4,mp-1200889,2.5208,0.013297942272727,FALSE,TRUE
Bi-Ti,Ti2Bi2O7(s),mp-1200889-GGA,0,2.999725850000048,0.5262699514798211,5.965232849121e-4,mp-1200889,2.5208,0.013297942272727,FALSE,TRUE
Bi-Ti,Ti2Bi2O7(s),mp-1200889-GGA,0,2.999725850000048,0.5262699514798211,5.8531761169433e-4,mp-1200889,2.5208,0.013297942272727,FALSE,TRUE
Mo-Ti,TiMoO4(s),mp-1216722-GGA+U,0,1.63,0.403723609374999,7.4028968811035e-4,mp-1216722,0,0.053833767916666,FALSE,TRUE
Mo-Ti,TiMoO4(s),mp-1216722-GGA+U,0,6.085302399999977,3.2413047346897947,7.01904296875e-4,mp-1216722,0,0.053833767916666,FALSE,TRUE
Rh-V,VRhO4(s),mp-773064-GGA+U,0,1.63,0.4366353413306901,0.00185871124267578,mp-773064,0.209399999999999,0.064877630833333,FALSE,TRUE
Rh-V,VRhO4(s),mp-773064-GGA+U,0,2.573438029999963,0.908354356330672,0.00184106826782226,mp-773064,0.209399999999999,0.064877630833333,FALSE,TRUE
Rh-V,VRhO4(s),mp-773064-GGA+U,0,6.280833030000098,2.762051856330743,0.00183296203613281,mp-773064,0.209399999999999,0.064877630833333,FALSE,TRUE
Rh-V,VRhO4(s),mp-773064-GGA+U,0,3.300628209999986,1.2719494463306835,0.00183272361755371,mp-773064,0.209399999999999,0.064877630833333,FALSE,TRUE
Al-Sr,SrAl22O34(s),mp-531590-GGA,0,1.63,0.3795023414685835,6.9451332092285e-4,mp-531590,4.699400000000001,0.013491566842119,FALSE,TRUE
Al-Sr,SrAl22O34(s),mp-531590-GGA,0,3.4318912000001527,0.4106852555960124,6.4587593078613e-4,mp-531590,4.699400000000001,0.013491566842119,FALSE,TRUE
Fe-Nb,NbFeO4(s),mp-22194-GGA+U,0,1.63,0.1030603306022518,0.00147628784179687,mp-22194,0,0.062856561666652,FALSE,FALSE
Fe-Nb,NbFeO4(s),mp-22194-GGA+U,0,2.3985371949999976,0.21207603559737304,0.0014657974243164,mp-22194,0,0.062856561666652,FALSE,FALSE
Fe-Nb,NbFeO4(s),mp-22194-GGA+U,0,3.039126652500016,0.5323707643473838,0.00145792961120605,mp-22194,0,0.062856561666652,FALSE,FALSE
Cr-Ti,TiCrO4(s),mp-1316892-GGA+U,0,1.63,0.2592184718720745,8.1562995910644e-4,mp-1316892,0.5747,0.078841251250002,FALSE,TRUE
Cr-Ti,TiCrO4(s),mp-1316892-GGA+U,0,7.366979110000026,3.9512507371869128,8.0275535583496e-4,mp-1316892,0.5747,0.078841251250002,FALSE,TRUE
Cr-Li,Li3CrO4(s),mp-770632-GGA+U,0,1.63,0.49961544843213934,7.5674057006835e-4,mp-770632,1.1496,0,FALSE,TRUE
Cr-Li,Li3CrO4(s),mp-770632-GGA+U,0,2.6881209799999883,0.6318805709321378,7.338523864746e-4,mp-770632,1.1496,0,FALSE,TRUE
Fe-Sb,Fe(SbO3)4(s),mp-754951-GGA+U,0,1.63,0.07056917088235265,0.0014793872833251901,mp-754951,0,0.08483296500000201,FALSE,TRUE
Fe-Sb,Fe(SbO3)4(s),mp-754951-GGA+U,0,2.0948342866666767,0.04322597754901892,0.0014259815216064401,mp-754951,0,0.08483296500000201,FALSE,TRUE
Fe-Sb,FeSbO4(s),mp-761281-GGA+U,0,1.63,1.1288749999997e-4,0.00130319595336914,mp-761281,0,1.12887500001e-4,FALSE,TRUE
Fe-Sb,FeSbO4(s),mp-761281-GGA+U,0,2.9487519449999864,0.3220231061105932,0.00128436088562011,mp-761281,0,1.12887500001e-4,FALSE,TRUE
Fe-Sb,FeSbO4(s),mp-1225088-GGA+U,0,1.63,0.0162454405555555,0.00130057334899902,mp-1225088,1.216899999999999,0.016245440555556,FALSE,TRUE
Fe-Sb,FeSbO4(s),mp-1225088-GGA+U,0,3.777947614999976,0.7527534941661435,0.00128936767578125,mp-1225088,1.216899999999999,0.016245440555556,FALSE,TRUE
Fe-Sb,FeSbO4(s),mp-1225088-GGA+U,0,1.770154665000016,0.0162454405555555,0.00128388404846191,mp-1225088,1.216899999999999,0.016245440555556,FALSE,TRUE
Al-Ba,BaAl2O4(s),mp-4202-GGA,0,1.63,0.5177345838284817,6.6447257995605e-4,mp-4202,4.1027,0,FALSE,FALSE
Al-Ba,BaAl2O4(s),mp-4202-GGA,0,8.283986920000004,2.149807989045095,6.4969062805175e-4,mp-4202,4.1027,0,FALSE,FALSE
Cd-V,V2CdO6(s),mp-550622-GGA+U,0,1.63,0.38219061439900653,0.00127601623535156,mp-550622,2.6409,0.002205929999998,FALSE,FALSE
Cd-V,V2CdO6(s),mp-550622-GGA+U,0,2.626351270000029,0.825013401065703,0.00126814842224121,mp-550622,2.6409,0.002205929999998,FALSE,FALSE
Cd-V,V2CdO4(s),mp-18847-GGA+U,0,1.63,1.195970549941579,0.00127243995666503,mp-18847,0,0,FALSE,FALSE
Cd-V,V2CdO4(s),mp-18847-GGA+U,0,7.121469309999995,7.471935475655978,0.00126290321350097,mp-18847,0,0,FALSE,FALSE
Cd-V,V2CdO4(s),mp-18847-GGA+U,0,7.121469309999995,7.471935475655978,0.00126814842224121,mp-18847,0,0,FALSE,FALSE
Al-Co,Al(CoO2)2(s),mp-753184-GGA+U,0,1.63,0.2685977609404865,8.7523460388183e-4,mp-753184,0,0.031937336071441,FALSE,TRUE
Al-Co,Al(CoO2)2(s),mp-753184-GGA+U,0,2.880840030000047,0.4150747714868392,8.7380409240722e-4,mp-753184,0,0.031937336071441,FALSE,TRUE
Al-Co,Al(CoO2)2(s),mp-753184-GGA+U,0,2.584169094999965,0.3726932093439722,8.6426734924316e-4,mp-753184,0,0.031937336071441,FALSE,TRUE
Se-V,VSeO4(s),mp-28619-GGA+U,0,1.63,0.4741319651845712,0.00252008438110351,mp-28619,1.8197,0.014694965625004,FALSE,FALSE
Se-V,VSeO4(s),mp-28619-GGA+U,0,3.957623479999919,2.413818198517834,0.00249290466308593,mp-28619,1.8197,0.014694965625004,FALSE,FALSE
Ga-V,VGaO3(s),mp-755580-GGA+U,0,1.63,0.9360504900566132,0.00176525115966796,mp-755580,1.605299999999999,0.092056070124998,FALSE,TRUE
Ga-V,VGaO3(s),mp-755580-GGA+U,0,5.222028590000023,3.8096733620566297,0.00170683860778808,mp-755580,1.605299999999999,0.092056070124998,FALSE,TRUE
Al-Mn,MnAl2O4(s),mp-755882-GGA+U,0,1.63,0.5117138288951469,0.0013587474822998,mp-755882,2.6578,0,FALSE,FALSE
Al-Mn,MnAl2O4(s),mp-755882-GGA+U,0,3.3275766299999963,1.7242685646094311,0.0013267993927001901,mp-755882,2.6578,0,FALSE,FALSE
Al-Cr,AlCrO4(s),mp-753658-GGA+U,0,1.63,0.3549997786067145,0.00104546546936035,mp-753658,0,0.080442171333335,FALSE,TRUE
Al-Cr,AlCrO4(s),mp-753658-GGA+U,0,4.219153325000008,0.7865253327733809,0.00103068351745605,mp-753658,0,0.080442171333335,FALSE,TRUE
V-Y,YVO3(s),mp-18883-GGA+U,0,1.63,1.0835617180343236,0.00101828575134277,mp-18883,0,0,FALSE,FALSE
V-Y,YVO3(s),mp-18883-GGA+U,0,9.391096550000086,7.292438958034393,0.00100612640380859,mp-18883,0,0,FALSE,FALSE
Al-Mg,Mg5Al7O16(s),mp-1222118-GGA,0,1.63,0.48588530982270584,6.3490867614746e-4,mp-1222118,0,0.033054887678567,FALSE,TRUE
Al-Mg,Mg5Al7O16(s),mp-1222118-GGA,0,2.4888501149999795,0.45521209142984986,5.958080291748e-4,mp-1222118,0,0.033054887678567,FALSE,TRUE
Al-Mg,Mg5Al7O16(s),mp-1222118-GGA,0,2.603100334999953,0.4511317264298515,5.8197975158691e-4,mp-1222118,0,0.033054887678567,FALSE,TRUE
Fe-Mn,MnFe5O8(s),mp-1221814-GGA+U,0,1.63,0.44469392642248234,0.00172066688537597,mp-1221814,0,0.123244885714274,FALSE,TRUE
Fe-Mn,MnFe5O8(s),mp-1221814-GGA+U,0,7.0843377199999935,8.036372879626311,0.00167346000671386,mp-1221814,0,0.123244885714274,FALSE,TRUE
Fe-Mn,MnFe5O8(s),mp-1221814-GGA+U,0,7.0843377199999935,8.036372879626311,0.00165653228759765,mp-1221814,0,0.123244885714274,FALSE,TRUE
Fe-Mn,MnFe5O8(s),mp-1221814-GGA+U,0,5.8364302899999405,6.164511734626229,0.00166153907775878,mp-1221814,0,0.123244885714274,FALSE,TRUE
Ca-V,CaV4O9(s),mp-18866-GGA+U,0,1.63,0.7953600825005758,9.3293190002441e-4,mp-18866,2.5061,0.041555452500016,FALSE,FALSE
Ca-V,CaV4O9(s),mp-18866-GGA+U,0,4.909138040000003,3.6060498310720246,9.322166442871e-4,mp-18866,2.5061,0.041555452500016,FALSE,FALSE
Ca-V,CaV4O9(s),mp-18866-GGA+U,0,4.909138040000003,3.6060498310720246,9.3030929565429e-4,mp-18866,2.5061,0.041555452500016,FALSE,FALSE
Mg-Ti,MgTi5O10(s),mp-766437-GGA,0,1.63,0.38878195465226106,9.6917152404785e-4,mp-766437,0,9.4995578125e-4,FALSE,TRUE
Mg-Ti,MgTi5O10(s),mp-766437-GGA,0,5.162522864999943,2.7895107133674997,9.4914436340332e-4,mp-766437,0,9.4995578125e-4,FALSE,TRUE
Mn-V,Mn3V2O8(s),mp-17899-GGA+U,0,1.63,0.5817083957937951,0.00197291374206542,mp-17899,1.8537999999999992,0,FALSE,FALSE
Mn-V,Mn3V2O8(s),mp-17899-GGA+U,0,7.972487160000057,9.851497321947726,0.00199389457702636,mp-17899,1.8537999999999992,0,FALSE,FALSE
Mn-V,Mn3V2O8(s),mp-17899-GGA+U,0,7.972487160000057,9.851497321947726,0.0019543170928955,mp-17899,1.8537999999999992,0,FALSE,FALSE
Ti-V,Ti3VO8(s),mp-756455-GGA+U,0,1.63,0.310815894415344,0.00123810768127441,mp-756455,1.5774,0.12975008729164,FALSE,TRUE
Ti-V,Ti3VO8(s),mp-756455-GGA+U,0,4.08502045999999,1.9531505273875576,0.00117468833923339,mp-756455,1.5774,0.12975008729164,FALSE,TRUE
Ti-V,Ti3VO8(s),mp-756455-GGA+U,0,2.7387871999999764,0.9434755823875504,0.0011763572692871,mp-756455,1.5774,0.12975008729164,FALSE,TRUE
Ti-V,TiV2O7(s),mp-752445-GGA+U,0,1.63,0.26989306559682885,0.00117897987365722,mp-752445,2.1462,0,FALSE,TRUE
Ti-V,TiV2O7(s),mp-752445-GGA+U,0,2.905745939999946,0.9557683447856836,0.00113630294799804,mp-752445,2.1462,0,FALSE,TRUE
Cd-Si,Cd3SiO5(s),mp-13820-GGA,0,1.63,0.39598978875420854,6.2489509582519e-4,mp-13820,0.9679,0,FALSE,FALSE
Cd-Si,Cd3SiO5(s),mp-13820-GGA,0,2.3350069899999992,0.39598978875420776,5.812644958496e-4,mp-13820,0.9679,0,FALSE,FALSE
Cd-Si,Cd3SiO5(s),mp-13820-GGA,0,1.9384681400000408,0.39598978875420854,5.9437751770019e-4,mp-13820,0.9679,0,FALSE,FALSE
Fe-Ti,TiFe2O5(s),mp-753157-GGA+U,0,1.63,0.08608226667322016,0.00125718116760253,mp-753157,1.34,0.026667797187496,FALSE,TRUE
Fe-Ti,TiFe2O5(s),mp-753157-GGA+U,0,1.816044259999983,0.08608226667321983,0.00124573707580566,mp-753157,1.34,0.026667797187496,FALSE,TRUE
Si-Zr,ZrSiO(s),mp-7915-GGA,0,1.63,5.902779639087335,3.9410591125488e-4,mp-7915,0,0.25924465958333204,FALSE,FALSE
Si-Zr,ZrSiO(s),mp-7915-GGA,0,9.97709817000002,22.59697597908738,3.8123130798339e-4,mp-7915,0,0.25924465958333204,FALSE,FALSE
Si-Zr,ZrSiO4(s),mp-1020588-GGA,0,1.63,0.3168921170436671,3.814697265625e-4,mp-1020588,3.862299999999999,0.181914474166662,FALSE,TRUE
Si-Zr,ZrSiO4(s),mp-1020588-GGA,0,2.243365985000014,0.31689211704366765,3.7479400634765e-4,mp-1020588,3.862299999999999,0.181914474166662,FALSE,TRUE
Si-Zr,ZrSiO4(s),mp-1020588-GGA,0,7.0218884200000105,0.31689211704366943,3.7622451782226e-4,mp-1020588,3.862299999999999,0.181914474166662,FALSE,TRUE
Si-Zr,ZrSiO4(s),mp-11736-GGA,0,1.63,0.2145838503770013,3.7622451782226e-4,mp-11736,4.000099999999999,0.079606207499997,FALSE,TRUE
Si-Zr,ZrSiO4(s),mp-11736-GGA,0,10.613430760000073,0.21458385037700603,3.7360191345214e-4,mp-11736,4.000099999999999,0.079606207499997,FALSE,TRUE
Al-V,AlV2O4(s),mp-19456-GGA+U,0,1.63,1.5402754773394474,0.00159263610839843,mp-19456,0,0.053197384285713,FALSE,FALSE
Al-V,AlV2O4(s),mp-19456-GGA+U,0,3.371700520000034,3.7796047173395224,0.00157690048217773,mp-19456,0,0.053197384285713,FALSE,FALSE
Rb-Si,Rb6Si10O23(s),mp-561189-GGA,0,1.63,0.2755814184064466,4.0793418884277e-4,mp-561189,4.0436,0.017324209743588,FALSE,FALSE
Rb-Si,Rb6Si10O23(s),mp-561189-GGA,0,4.54003636500002,1.4641277231846554,3.7956237792968e-4,mp-561189,4.0436,0.017324209743588,FALSE,FALSE
Si-Zn,Zn2SiO4(s),mp-1020594-GGA,0,1.63,0.30596962508548625,5.0640106201171e-4,mp-1020594,2.677,0.01530299940476,FALSE,FALSE
Si-Zn,Zn2SiO4(s),mp-1020594-GGA,0,5.976324440000029,0.30596962508548586,5.0091743469238e-4,mp-1020594,2.677,0.01530299940476,FALSE,FALSE
Cu-Si,Cu5(Si2O7)2(s),mp-25205-GGA,0,1.63,0.2742813600013401,9.3817710876464e-4,mp-25205,0,0.122250827952901,FALSE,TRUE
Cu-Si,Cu5(Si2O7)2(s),mp-25205-GGA,0,3.0583690499999907,0.3946451110785082,9.3674659729003e-4,mp-25205,0,0.122250827952901,FALSE,TRUE
Cu-Si,Cu5(Si2O7)2(s),mp-25205-GGA,0,3.0583690499999907,0.3946451110785082,9.4342231750488e-4,mp-25205,0,0.122250827952901,FALSE,TRUE
Li-Si,Li2SiO3(s),mp-5012-GGA,0,1.63,0.3889680739560961,5.4478645324707e-4,mp-5012,5.0766,0,FALSE,FALSE
Li-Si,Li2SiO3(s),mp-5012-GGA,0,7.479766709999964,1.9158243304866964,5.1474571228027e-4,mp-5012,5.0766,0,FALSE,FALSE
Ni-Si,Si(NiO2)2(s),mp-19072-GGA+U,0,1.63,0.3257316986927265,8.7618827819824e-4,mp-19072,0,0,FALSE,FALSE
Ni-Si,Si(NiO2)2(s),mp-19072-GGA+U,0,3.690572230000015,0.6063434039886021,8.707046508789e-4,mp-19072,0,0,FALSE,FALSE
Si-Sr,SrSiO3(s),mp-18313-GGA,0,1.63,0.3650187441980449,5.6648254394531e-4,mp-18313,4.3766,0.017019436333333,FALSE,FALSE
Si-Sr,SrSiO3(s),mp-18313-GGA,0,7.233878830000023,2.2412990172507037,5.6767463684082e-4,mp-18313,4.3766,0.017019436333333,FALSE,FALSE
Bi-Si,Si3Bi2O9(s),mp-558672-GGA,0,1.63,0.11171787110174224,6.6661834716796e-4,mp-558672,3.5103,0.013524458928547,FALSE,FALSE
Bi-Si,Si3Bi2O9(s),mp-558672-GGA,0,14.080390490000056,0.9567624813400398,6.3228607177734e-4,mp-558672,3.5103,0.013524458928547,FALSE,FALSE
Bi-Si,Si3Bi2O9(s),mp-558672-GGA,0,14.080390490000056,0.9567624813400398,6.3061714172363e-4,mp-558672,3.5103,0.013524458928547,FALSE,FALSE
Co-Si,Co2SiO4(s),mp-19071-GGA+U,0,1.63,0.3743486412993849,5.8317184448242e-4,mp-19071,0,0.063883885238095,FALSE,FALSE
Co-Si,Co2SiO4(s),mp-19071-GGA+U,0,3.8759400450000383,0.9838313747028896,5.6409835815429e-4,mp-19071,0,0.063883885238095,FALSE,FALSE
Mo-Si,Si2MoO6(s),mp-1143048-GGA+U,0,1.63,0.37926585912114064,9.5820426940917e-4,mp-1143048,0.2843,0.101947254259259,FALSE,TRUE
Mo-Si,Si2MoO6(s),mp-1143048-GGA+U,0,3.812777870000076,0.8643276080100412,9.007453918457e-4,mp-1143048,0.2843,0.101947254259259,FALSE,TRUE
Cr-Si,Cr(SiO3)2(s),mp-25238-GGA+U,0,1.63,0.2773995635636381,8.2039833068847e-4,mp-25238,0.5592,0.113089372592577,FALSE,TRUE
Cr-Si,Cr(SiO3)2(s),mp-25238-GGA+U,0,2.243652380000042,0.4137667591192032,7.8535079956054e-4,mp-25238,0.5592,0.113089372592577,FALSE,TRUE
Si-W,Si2WO6(s),mp-1143521-GGA+U,0,1.63,0.46960108467670025,4.5633316040039e-4,mp-1143521,0.001699999999999,0.07896907870370301,FALSE,TRUE
Si-W,Si2WO6(s),mp-1143521-GGA+U,0,3.703482639999991,0.9303750046767002,4.2700767517089e-4,mp-1143521,0.001699999999999,0.07896907870370301,FALSE,TRUE
Mn-Si,MnSi2O5(s),mp-19351-GGA+U,0,1.63,0.3858005952863284,0.00150537490844726,mp-19351,2.237999999999999,0.105734770312503,FALSE,FALSE
Mn-Si,MnSi2O5(s),mp-19351-GGA+U,0,10.065015790000004,5.657685464036331,0.0014958381652832,mp-19351,2.237999999999999,0.105734770312503,FALSE,FALSE
Li-Mn,LiMn3O4(s),mp-1291590-GGA+U,0,1.63,0.7876737162199139,0.00130033493041992,mp-1291590,0,0.049930566875,FALSE,TRUE
Li-Mn,LiMn3O4(s),mp-1291590-GGA+U,0,2.823741410000068,2.8767211837200497,0.00127673149108886,mp-1291590,0,0.049930566875,FALSE,TRUE
Mg-Si,MgSiO3(s),mp-603930-GGA,0,1.63,0.3203609534712669,3.6096572875976e-4,mp-603930,4.544399999999999,0.009410846166669,FALSE,FALSE
Mg-Si,MgSiO3(s),mp-603930-GGA,0,2.277347360000002,0.3203609534712669,3.7884712219238e-4,mp-603930,4.544399999999999,0.009410846166669,FALSE,FALSE
Mg-Si,MgSiO3(s),mp-603930-GGA,0,2.277347360000002,0.3203609534712669,3.7789344787597e-4,mp-603930,4.544399999999999,0.009410846166669,FALSE,FALSE
Mg-Si,MgSiO3(s),mp-5834-GGA,0,1.63,0.3188161962212675,3.5285949707031e-4,mp-5834,4.7002,0.00786608891667,FALSE,FALSE
Mg-Si,MgSiO3(s),mp-5834-GGA,0,8.452517660000055,0.3188161962212746,3.4403800964355e-4,mp-5834,4.7002,0.00786608891667,FALSE,FALSE
