,filename,entry number,composition,nads,OH_length 1,OH_length 2,OO_length,OOH angle 1,OOH angle 2,OH_length 1b,OH_length 2b,OO_lengthb,OOH angle 1b,OOH angle 2b,slab_sid,system_id_OH,OH,system_id_O,O,bulk_id,miller_index,bulk_symbols,HO2,delG1,delG2,delG3,delG4,maxG,RDS,eta,OOHangle,OH_length
7067,is2res_total_train_val_test_lmdbs/data/oc22/is2re-total/train/data.0027.lmdb,68,HAg8K8O16,1,1.911884001529765,0.9801715745723192,1.4554695829215318,30.139777489240124,101.65028852920886,,,,,,12893,28744,1.1364389699999953,7306,2.5788413875,mp-997102,"(0, 1, 1)",K4Ag4O8,3.771358059999995,1.1364389699999953,1.442402417500005,1.1925166724999947,1.148641940000005,1.442402417500005,2,0.212402417500005,101.65028852920886,0.9801715745723192
145,is2res_total_train_val_test_lmdbs/data/oc22/is2re-total/train/data.0013.lmdb,1025,HBa16Ca16O38,1,1.907996291768496,0.9788604227900556,1.4645391467034592,30.2608856152105,100.80315781752051,,,,,,16188,4481,0.9283012612500008,19753,2.1743943550000018,mp-1018097,"(2, 1, 3)",Ba1Ca1O2,3.674187799999968,0.9283012612500008,1.246093093750001,1.4997934449999666,1.2458122000000316,1.4997934449999666,3,0.2697934449999666,100.80315781752051,0.9788604227900556
6568,is2res_total_train_val_test_lmdbs/data/oc22/is2re-total/train/data.0031.lmdb,685,HAu12O24Pd12,1,1.882900904145352,0.9856808404330196,1.4023578877527991,30.71114871020132,102.68650164564578,,,,,,28946,14596,1.0906745499999977,16417,2.6063631749999963,mp-997051,"(1, 0, -2)",Pd3Au3O6,4.010796730000008,1.0906745499999977,1.5156886249999986,1.4044335550000118,0.909203269999992,1.5156886249999986,2,0.2856886249999986,102.68650164564578,0.9856808404330196
7096,is2res_total_train_val_test_lmdbs/data/oc22/is2re-total/train/data.0033.lmdb,144,HAu12O22Pd12,1,1.8976781733940005,0.9836243941235044,1.4340640153511302,30.488720632985643,101.804350357762,,,,,,38650,40768,1.5297494199999966,15894,2.3495955900000047,mp-997051,"(1, 0, -2)",Pd3Au3O6,3.641608020000005,1.5297494199999966,0.8198461700000081,1.2920124299999998,1.2783919799999954,1.5297494199999966,1,0.2997494199999966,101.804350357762,0.9836243941235044
16356,is2res_total_train_val_test_lmdbs/data/oc22/is2re-total/train/data.0024.lmdb,928,HO50Rh16Sc16,1,1.9371237237371957,0.98435961013125,1.4778878892313094,29.81873062800903,101.88734665046124,,,,,,7966,31641,1.089624569999993,20316,2.371866647500002,mp-1196890,"(1, 1, -1)",Sc8Rh8O24,3.3899191000000406,1.089624569999993,1.282242077500009,1.0180524525000387,1.530080899999959,1.530080899999959,4,0.3000808999999593,101.88734665046124,0.98435961013125
69894,is2res_total_train_val_test_lmdbs/data/oc22/is2re-total/train/data.0037.lmdb,868,HGe16O46Sb8,1,1.9557961788913376,1.0731667879197595,1.3374678626448315,31.46697276442056,107.94861512159524,,,,,,72363,74668,1.573806354999997,73547,2.704763132500003,mp-17708,"(1, 0, 0)",Ge6Sb4O18,3.917907780000005,1.573806354999997,1.1309567775000062,1.2131446475000018,1.0020922199999949,1.573806354999997,1,0.343806354999997,107.94861512159524,1.0731667879197595
27728,is2res_total_train_val_test_lmdbs/data/oc22/is2re-total/train/data.0004.lmdb,886,HAg22Hg22O50,1,1.8987854540207427,0.980134246033016,1.4591973649431809,30.51337210468627,100.3817897552527,,,,,,31506,1798,1.4755448199999626,33587,2.2859028649999944,mp-997000,"(2, 1, 0)",Ag2Hg2O4,3.8797418099999823,1.4755448199999626,0.8103580450000318,1.593838944999988,1.0402581900000176,1.593838944999988,3,0.3638389449999879,100.3817897552527,0.980134246033016
17742,is2res_total_train_val_test_lmdbs/data/oc22/is2re-total/train/data.0022.lmdb,279,HAg12Cr12O44,1,1.9482208700535728,1.0009617338399877,1.446567108662617,29.900737203636723,104.01015729661653,,,,,,23602,23278,1.5374368899999615,35031,1.790795279999967,mp-562364,"(1, -1, -1)",Cr4Ag4O14,3.32238773,1.5374368899999615,0.2533583900000051,1.5315924500000333,1.59761227,1.59761227,4,0.3676122699999999,104.01015729661653,1.0009617338399877
13140,is2res_total_train_val_test_lmdbs/data/oc22/is2re-total/train/data.0016.lmdb,565,HAg6Cr15O42,1,1.8940722653401725,0.9836281706113564,1.4437546159319272,30.66405685629141,100.86882480612064,,,,,,28709,22731,1.6222955599999784,16673,2.295969009999991,mp-546111,"(0, 2, 1)",Cr6Ag2O16,3.5021046900000083,1.6222955599999784,0.6736734500000126,1.2061356800000174,1.4178953099999916,1.6222955599999784,1,0.3922955599999784,100.86882480612064,0.9836281706113564
71752,is2res_total_train_val_test_lmdbs/data/oc22/is2re-total/train/data.0023.lmdb,29,HCs20O38,1,1.9227513841030464,0.9742535807887784,1.4922497451351222,29.900640091005464,100.32198370045292,,,,,,74960,69748,0.4990456699999958,75506,2.128449020000003,mp-1181502,"(2, 2, 3)",Cs2O4,3.7083761199999934,0.4990456699999958,1.6294033500000071,1.579927099999992,1.2116238800000052,1.6294033500000071,2,0.3994033500000071,100.32198370045292,0.9742535807887784
77686,is2res_total_train_val_test_lmdbs/data/oc22/is2re-total/train/data.0003.lmdb,953,HCa20O46W8,1,1.8636480297412608,0.9824819800229176,1.4032378315191103,31.132422162653988,101.26932047056545,,,,,,70618,73300,1.448351630000028,76263,3.080612807499987,mp-779906,"(0, 0, 1)",Ca6W2O12,4.64142325,1.448351630000028,1.6322611774999587,1.560810442500013,0.27857675,1.6322611774999587,2,0.4022611774999587,101.26932047056545,0.9824819800229176
14401,is2res_total_train_val_test_lmdbs/data/oc22/is2re-total/train/data.0029.lmdb,119,HMg10O16Zn4,1,1.8916923508714751,0.9877976159967377,1.4098053389180965,30.61581997381469,102.76090861458236,,,,,,29837,34644,1.004920135000001,11490,2.6442939850000022,mp-753315,"(1, 0, 0)",Mg6Zn2O8,3.8346118100000095,1.004920135000001,1.6393738500000012,1.1903178250000082,1.0853881899999895,1.6393738500000012,2,0.4093738500000012,102.76090861458236,0.9877976159967377
73018,is2res_total_train_val_test_lmdbs/data/oc22/is2re-total/train/data.0031.lmdb,406,HBi24Co12O68,1,1.922840427851006,1.0026928940644584,1.4339209428825652,30.56786321831022,102.7737649261386,,,,,,80613,72692,1.5967998183333327,77304,2.6748248450000154,mp-756112,"(1, 1, 0)",Co2Bi4O12,4.3160856099999565,1.5967998183333327,1.0780250266666829,1.6412607649999411,0.6039143900000434,1.6412607649999411,3,0.4112607649999411,102.7737649261386,1.0026928940644584
30692,is2res_total_train_val_test_lmdbs/data/oc22/is2re-total/train/data.0040.lmdb,841,HBi12O42Rh12,1,1.914313436599132,0.983572005312459,1.4393184375735444,30.07293927728484,102.76397481623285,,,,,,32695,5592,1.6652859099999466,6309,3.083523669999946,mp-573119,"(1, 1, 0)",Bi4Rh4O12,4.042413919999999,1.6652859099999466,1.4182377599999996,0.9588902500000523,0.8775860800000013,1.6652859099999466,1,0.4352859099999466,102.76397481623285,0.983572005312459
82678,is2res_total_train_val_test_lmdbs/data/oc22/is2re-total/val_id/data.0007.lmdb,23,HO58Pt16Ru12,1,1.866007264222505,0.9828186301696472,1.433026933738473,31.301960262624025,99.45002308873217,,,,,,82359,81917,0.3941449049999994,82446,2.072725551666667,RuPtO4-rutile,"(0, 0, 1)",Ru1Pt1O4,3.5373873199999912,0.3941449049999994,1.6785806466666675,1.464661768333324,1.3826126800000087,1.6785806466666675,2,0.4485806466666677,99.45002308873217,0.9828186301696472
4962,is2res_total_train_val_test_lmdbs/data/oc22/is2re-total/train/data.0036.lmdb,745,HBi24Li2O42,1,1.911034619908645,0.9777799193938694,1.4863900920678512,30.29338258160453,99.6378537679484,,,,,,1866,20842,1.3130363199999613,6803,1.903841295000004,mp-769006,"(1, 0, 0)",Li2Bi24O40,3.615883259999973,1.3130363199999613,0.5908049750000426,1.7120419649999694,1.3041167400000266,1.7120419649999694,3,0.4820419649999694,99.6378537679484,0.9777799193938694
21960,is2res_total_train_val_test_lmdbs/data/oc22/is2re-total/train/data.0022.lmdb,1117,HCu18Hg18O30,1,1.943906221912726,1.0112496869807226,1.4215686572853254,30.19308312318347,104.81752862363592,,,,,,81202,25270,0.4582433700000001,11741,1.6940754400000035,mp-772856,"(1, 1, 1)",Cu2Hg2O4,3.184119079999985,0.4582433700000001,1.2358320700000034,1.4900436399999817,1.7358809200000147,1.7358809200000147,4,0.5058809200000147,104.81752862363592,1.0112496869807226
13302,is2res_total_train_val_test_lmdbs/data/oc22/is2re-total/train/data.0007.lmdb,914,HGe12O38Rh12,1,1.9254529637747768,0.9824652017569132,1.4801202731586394,30.066032328610945,100.92854312621552,,,,,,19513,2223,0.3185239766666726,30601,1.5943092450000027,GeRhO4-rutile,"(2, 1, 1)",Ge1Rh1O4,3.334596459999998,0.3185239766666726,1.2757852683333302,1.7402872149999953,1.585403540000002,1.7402872149999953,3,0.5102872149999953,100.92854312621552,0.9824652017569132
23901,is2res_total_train_val_test_lmdbs/data/oc22/is2re-total/train/data.0031.lmdb,649,HGe11O48Ru11,1,1.882816363430051,1.0418586669420593,1.3977299788741675,33.020568994579406,100.00265777983924,,,,,,27445,3954,0.9441130374999978,5910,1.6692391850000068,GeRuO4-rutile,"(2, 1, 3)",Ge1Ru1O4,3.4095951000000446,0.9441130374999978,0.725126147500009,1.7403559150000378,1.5104048999999553,1.7403559150000378,3,0.5103559150000379,100.00265777983924,1.0418586669420593
34832,is2res_total_train_val_test_lmdbs/data/oc22/is2re-total/train/data.0026.lmdb,774,HK24O74Rh24,1,1.9048167542432943,0.981118359739808,1.4510905339209683,30.33202198166228,101.3438372220219,,,,,,37945,40038,0.7639740400000312,6463,2.5075488700000204,mp-975134,"(3, 3, 1)",K1Rh1O3,3.8274008200000913,0.7639740400000312,1.7435748299999891,1.319851950000071,1.0925991799999086,1.7435748299999891,2,0.5135748299999892,101.3438372220219,0.981118359739808
75064,is2res_total_train_val_test_lmdbs/data/oc22/is2re-total/train/data.0037.lmdb,563,HBa24O74Pt22,1,1.937959525735046,0.9782429603087844,1.473801224077642,29.51923819034834,102.55170880088988,,,,,,73751,70952,0.9052543120000144,69968,2.649655383999997,mp-1183290,"(3, 3, 1)",Ba1Pt1O3,3.239002120000007,0.9052543120000144,1.7444010719999827,0.5893467360000098,1.680997879999993,1.7444010719999827,2,0.5144010719999828,102.55170880088988,0.9782429603087844
4907,is2res_total_train_val_test_lmdbs/data/oc22/is2re-total/train/data.0025.lmdb,605,HCe2O50Zr22,1,1.93107954583496,0.9786981385464272,1.4886617646296731,29.83689198936932,100.98208877623703,,,,,,10004,175,0.8050315949999833,10356,2.329000835000014,mp-752706,"(1, 0, -1)",Ce1Zr11O24,4.081223320000047,0.8050315949999833,1.5239692400000309,1.7522224850000332,0.8387766799999525,1.7522224850000332,3,0.5222224850000332,100.98208877623703,0.9786981385464272
15583,is2res_total_train_val_test_lmdbs/data/oc22/is2re-total/train/data.0030.lmdb,1030,HCo16O76Se16,1,1.848169552477168,0.9910319381467138,1.347835541292437,31.448348538052507,103.35176792769872,,,,,,22325,28011,1.3187944099999902,17822,2.715404073333339,mp-1213781,"(1, 1, -2)",Co4Se4O20,4.500263570000013,1.3187944099999902,1.396609663333349,1.784859496666674,0.419736429999987,1.784859496666674,3,0.554859496666674,103.35176792769872,0.9910319381467138
8569,is2res_total_train_val_test_lmdbs/data/oc22/is2re-total/train/data.0024.lmdb,841,HHf32O66,1,1.8545466164823108,0.9867197873655524,1.378804257583997,31.364012709383047,101.97634346127406,,,,,,19149,31416,1.31707191999997,26088,3.1076647049999604,mp-776532,"(1, 0, 1)",Hf2O4,4.50918145999992,1.31707191999997,1.7905927849999903,1.4015167549999594,0.4108185400000801,1.7905927849999903,2,0.5605927849999903,101.97634346127406,0.9867197873655524
19475,is2res_total_train_val_test_lmdbs/data/oc22/is2re-total/train/data.0015.lmdb,651,HCd12Mg28O42,1,1.9149455286613448,1.0733355016857116,1.3790885895680596,33.25414193216302,101.95192168982464,,,,,,15830,18084,1.7403148933333337,21330,2.325431404999987,mp-1099255,"(1, 0, 0)",Mg3Cd1O4,4.123429170000006,1.7403148933333337,0.5851165116666532,1.797997765000019,0.7965708299999941,1.797997765000019,3,0.567997765000019,101.95192168982464,1.0733355016857116
24010,is2res_total_train_val_test_lmdbs/data/oc22/is2re-total/train/data.0021.lmdb,1080,HBi8O42Se12,1,1.8923470922601364,1.0144329261363705,1.4149228946279924,31.745301030330943,101.04358225425015,,,,,,7721,29254,1.36385973999999,33353,2.479122989999977,mp-1193554,"(1, 1, 0)",Bi8Se12O40,4.28567300999998,1.36385973999999,1.1152632499999868,1.8065500200000024,0.6343269900000204,1.8065500200000024,3,0.5765500200000027,101.04358225425015,1.0144329261363705
34076,is2res_total_train_val_test_lmdbs/data/oc22/is2re-total/train/data.0035.lmdb,430,HO46Pt12Rh10,1,1.898881486661362,0.9915597082202168,1.4271596740708343,30.722075739022067,101.94491173202852,,,,,,39855,14178,0.7971836099999712,21274,2.0689413449999825,PtRhO4-rutile,"(2, 0, 1)",Pt1Rh1O4,3.875529690000005,0.7971836099999712,1.271757735000011,1.8065883450000229,1.0444703099999946,1.8065883450000229,3,0.5765883450000229,101.94491173202852,0.9915597082202168
7758,is2res_total_train_val_test_lmdbs/data/oc22/is2re-total/train/data.0020.lmdb,110,HHg8Mn16O34,1,1.946298294676683,0.9827176318233872,1.4783634833653725,29.514361019213958,102.65944079923317,,,,,,7935,25662,0.2538233700000013,25101,1.83978521999998,mp-1176488,"(1, 1, 0)",Mn16Hg8O32,3.096722109999971,0.2538233700000013,1.585961849999978,1.2569368899999915,1.8232778900000288,1.8232778900000288,4,0.5932778900000288,102.65944079923317,0.9827176318233872
78575,is2res_total_train_val_test_lmdbs/data/oc22/is2re-total/train/data.0018.lmdb,223,HBi16O50Y16,1,1.9261536154799848,1.0057347286102394,1.4456547044217587,30.702530429558383,102.08186649012868,,,,,,71361,72012,0.8180221300000119,71037,2.417483940000037,mp-754152,"(1, 1, 0)",Y6Bi6O18,4.255611750000068,0.8180221300000119,1.5994618100000253,1.8381278100000311,0.6643882499999316,1.8381278100000311,3,0.6081278100000311,102.08186649012868,1.0057347286102394
42089,is2res_total_train_val_test_lmdbs/data/oc22/is2re-total/train/data.0034.lmdb,716,HMo14O54Sn14,1,1.8860554675104733,0.9955388303848828,1.4699438194897112,31.517184572518023,97.96135088926916,,,,,,44014,43127,0.799244909999951,42301,2.606177620000009,SnMoO4-rutile,"(1, 1, 2)",Sn1Mo1O4,4.471246370000015,0.799244909999951,1.8069327100000576,1.8650687500000056,0.4487536299999854,1.8650687500000056,3,0.6350687500000056,97.96135088926916,0.9955388303848828
18373,is2res_total_train_val_test_lmdbs/data/oc22/is2re-total/train/data.0009.lmdb,685,HBa8O34Sr24,1,1.9168596792575063,0.980751848030315,1.4721280436980968,30.16147307813712,100.88558848157405,,,,,,5024,26764,0.1551080699999637,26270,2.025802234999984,mp-984729,"(1, 1, 0)",Ba1Sr3O4,3.354838589999984,0.1551080699999637,1.8706941650000204,1.329036355,1.565161410000016,1.8706941650000204,2,0.6406941650000204,100.88558848157405,0.980751848030315
27865,is2res_total_train_val_test_lmdbs/data/oc22/is2re-total/val_id/data.0018.lmdb,17,HCo8O40Pt24,1,1.8908608209173163,0.9797542694309628,1.446550413868587,30.61445667125728,100.63111316640207,,,,,,24723,18815,0.4140626866666627,18304,2.2877503100000047,mp-19238,"(0, 2, 1)",Co2Pt6O12,4.097804569999992,0.4140626866666627,1.8736876233333424,1.810054259999988,0.8221954300000078,1.8736876233333424,2,0.6436876233333422,100.63111316640207,0.9797542694309628
18510,is2res_total_train_val_test_lmdbs/data/oc22/is2re-total/train/data.0035.lmdb,205,HCo24Na8O30,1,1.9114875261535067,0.977893450423644,1.4772078158425557,30.224032077140706,100.27556905973358,,,,,,619,35899,-0.0339894000000151,25013,1.803076811666659,mp-752749,"(0, 1, 0)",Na2Co6O8,3.686154170000007,-0.0339894000000151,1.8370662116666736,1.883077358333348,1.2338458299999933,1.883077358333348,3,0.653077358333348,100.27556905973358,0.977893450423644
5208,is2res_total_train_val_test_lmdbs/data/oc22/is2re-total/train/data.0003.lmdb,973,HCu24O44Pd24,1,1.922868957808627,0.9837907723220278,1.4619498495155905,30.043907840383376,101.88241095074454,,,,,,79041,31023,0.6033828100000085,14381,1.8311445550000065,mp-996971,"(1, 2, 3)",Cu1Pd1O2,3.734901470000009,0.6033828100000085,1.2277617449999978,1.9037569150000029,1.185098529999991,1.9037569150000029,3,0.6737569150000027,101.88241095074454,0.9837907723220278
31889,is2res_total_train_val_test_lmdbs/data/oc22/is2re-total/train/data.0040.lmdb,251,HIr20O62,1,1.9130845187057044,0.9906149460872844,1.3966369039219195,29.97147913697553,105.2533680960082,,,,,,16056,40259,1.636471109999983,36826,2.7358597600000087,mp-1021489,"(2, 2, 1)",Ir1O3,4.658374880000051,1.636471109999983,1.0993886500000258,1.922515120000042,0.2616251199999491,1.922515120000042,3,0.6925151200000421,105.2533680960082,0.9906149460872844
1525,is2res_total_train_val_test_lmdbs/data/oc22/is2re-total/val_ood/data.0013.lmdb,48,HCo18O48Zn12,1,1.928286650170083,0.980595817059342,1.4749969598502537,29.878727940015967,101.5886108946059,,,,,,79370,29285,0.5503798000000109,21190,1.7791878849999965,mvc-14025,"(1, 1, 2)",Zn4Co6O16,2.997231450000013,0.5503798000000109,1.2288080849999856,1.2180435650000163,1.922768549999987,1.922768549999987,4,0.6927685499999869,101.5886108946059,0.980595817059342
25721,is2res_total_train_val_test_lmdbs/data/oc22/is2re-total/train/data.0022.lmdb,27,HGa28Na4O38,1,1.909188397042729,0.991761263038259,1.465908013993499,30.752720209587054,100.15237499955644,,,,,,31313,1964,-0.5264200400000243,8472,1.2059643749999769,mp-1200040,"(1, 0, 0)",Na2Ga22O36,2.973245379999978,-0.5264200400000243,1.7323844150000012,1.7672810050000012,1.9467546200000216,1.9467546200000216,4,0.7167546200000219,100.15237499955644,0.991761263038259
29082,is2res_total_train_val_test_lmdbs/data/oc22/is2re-total/train/data.0008.lmdb,327,HAg8Bi8O24,1,1.891269712890936,0.9808808506933332,1.4617454979236597,30.75564965486448,99.59693071856628,,,,,,19295,12346,1.2888447833333312,16893,2.0998353399999963,mp-775774,"(0, 2, 1)",Ag4Bi4O12,4.074909149999994,1.2888447833333312,0.8109905566666651,1.9750738099999967,0.8450908500000063,1.9750738099999967,3,0.7450738099999974,99.59693071856628,0.9808808506933332
19765,is2res_total_train_val_test_lmdbs/data/oc22/is2re-total/train/data.0008.lmdb,320,HK12O26,1,1.906569454830921,0.9814742944549776,1.4351792612215597,30.165051935661765,102.5463706675603,,,,,,8177,1574,1.735027339999997,33385,2.5183430600000043,mp-1180711,"(1, 0, 0)",K4O8,4.515890540000012,1.735027339999997,0.7833157200000074,1.997547480000008,0.4041094599999875,1.997547480000008,3,0.7675474800000082,102.5463706675603,0.9814742944549776
24245,is2res_total_train_val_test_lmdbs/data/oc22/is2re-total/train/data.0031.lmdb,911,HBa20O62Ta16,1,1.8952916900295451,0.997381068585562,1.481466918496019,31.421816757153355,97.83041612270574,,,,,,29264,26051,0.7981900399999893,17828,2.828518502000001,mp-504554,"(2, -1, 2)",Ba5Ta4O15,3.770377459999961,0.7981900399999893,2.0303284620000115,0.94185895799996,1.1496225400000388,2.0303284620000115,2,0.8003284620000115,97.83041612270574,0.997381068585562
29866,is2res_total_train_val_test_lmdbs/data/oc22/is2re-total/train/data.0007.lmdb,536,HBi30O32Se12,1,1.900862252927047,0.9776441484841472,1.4734498420561584,30.45970331467594,99.7204516660496,,,,,,37846,37715,-0.3282986700000003,15929,1.241387360000002,mp-552098,"(1, 0, 1)",Bi4Se2O4,3.279600089999972,-0.3282986700000003,1.5696860300000024,2.0382127299999704,1.6403999100000275,2.0382127299999704,3,0.8082127299999704,99.7204516660496,0.9776441484841472
68776,is2res_total_train_val_test_lmdbs/data/oc22/is2re-total/train/data.0000.lmdb,170,HAl66Cd2O104,1,1.8552350670719933,0.9846057558558228,1.3796692350835424,31.26180711174676,102.08829003682676,,,,,,71071,68671,1.5927173100001062,74977,2.47742756000005,mp-674298,"(1, 0, 0)",Al44Cd2O68,4.52285121000011,1.5927173100001062,0.8847102499999437,2.04542365000006,0.39714878999989,2.04542365000006,3,0.81542365000006,102.08829003682676,0.9846057558558228
72904,is2res_total_train_val_test_lmdbs/data/oc22/is2re-total/train/data.0024.lmdb,1061,HAg12Cr12O26,1,1.9523850299914447,1.019443222702194,1.4903400141186507,30.8961044748632,100.45555864027104,,,,,,69397,71654,0.479900650000028,73855,2.5272008500000047,mp-1096875,"(0, 1, 0)",Cr4Ag4O8,3.463984360000038,0.479900650000028,2.0473001999999765,0.9367835100000336,1.4560156399999618,2.0473001999999765,2,0.8173001999999765,100.45555864027104,1.019443222702194
31281,is2res_total_train_val_test_lmdbs/data/oc22/is2re-total/train/data.0010.lmdb,271,HAg12Hg12O22,1,1.8979840650589883,0.9795940784745696,1.4808559565620174,30.65602595308591,98.91893306687562,,,,,,35624,31030,0.9492704899999842,16592,1.913317839999988,mp-997001,"(0, 1, 0)",Ag2Hg2O4,3.9641413600000113,0.9492704899999842,0.9640473500000036,2.050823520000024,0.9558586399999888,2.050823520000024,3,0.8208235200000233,98.91893306687562,0.9795940784745696
27979,is2res_total_train_val_test_lmdbs/data/oc22/is2re-total/val_ood/data.0015.lmdb,26,HGa37Li7O58,1,1.9100218899279453,0.9827772271913016,1.47868122021365,30.46382808793734,99.82266004289102,,,,,,22378,6052,-0.2192208566666715,35036,1.83910674000006,mp-28146,"(1, 0, 0)",Li4Ga20O32,3.011720200000011,-0.2192208566666715,2.058327596666732,1.1726134599999511,1.9082797999999888,2.058327596666732,2,0.8283275966667314,99.82266004289102,0.9827772271913016
73178,is2res_total_train_val_test_lmdbs/data/oc22/is2re-total/train/data.0040.lmdb,1085,HCs24O26Tl24,1,1.9316066967265244,0.9900441759035272,1.470140774972775,30.1275178118433,101.68567900332216,,,,,,70012,76821,0.9884034600000098,73660,2.012530179999968,mp-1205877,"(2, 1, -2)",Cs4Tl4O4,4.0908572399999885,0.9884034600000098,1.0241267199999584,2.0783270600000203,0.8291427600000114,2.0783270600000203,3,0.8483270600000203,101.68567900332216,0.9900441759035272
23579,is2res_total_train_val_test_lmdbs/data/oc22/is2re-total/train/data.0012.lmdb,1016,HCd22O46Sn12,1,1.8796718003184745,0.979743980503386,1.4732771581165292,31.0733329790914,98.01899501195842,,,,,,37413,38982,0.0046899100000052,4226,2.116549789999991,mp-675857,"(1, 0, 0)",Cd8Sn4O16,3.262982560000009,0.0046899100000052,2.1118598799999857,1.1464327700000183,1.6570174399999904,2.1118598799999857,2,0.8818598799999857,98.01899501195842,0.979743980503386
2248,is2res_total_train_val_test_lmdbs/data/oc22/is2re-total/val_ood/data.0026.lmdb,65,HK16Mg16O24,1,1.9145311448641735,0.9752012409274828,1.4947322331408583,30.15964831709421,99.48046153725,,,,,,33105,18065,-1.2339414333333427,21353,0.7674271366666615,mp-753662,"(1, 0, 0)",K4Mg4O6,2.8974393399999747,-1.2339414333333427,2.0013685700000043,2.130012203333313,2.022560660000025,2.130012203333313,3,0.9000122033333131,99.48046153725,0.9752012409274828
32297,is2res_total_train_val_test_lmdbs/data/oc22/is2re-total/train/data.0029.lmdb,1068,HAg8Bi8O22,1,1.937201114127581,1.0158119603945517,1.475173356681871,31.03999792411738,100.47236014322174,,,,,,34056,14827,1.2726742299999876,35101,2.2013635066666644,mp-775774,"(0, 2, 1)",Ag4Bi4O12,4.334366239999977,1.2726742299999876,0.9286892766666768,2.133002733333313,0.5856337600000225,2.133002733333313,3,0.903002733333313,100.47236014322174,1.0158119603945517
3975,is2res_total_train_val_test_lmdbs/data/oc22/is2re-total/train/data.0030.lmdb,1086,HFe16O66Te16,1,1.9004764305287765,0.9865137747909823,1.4383379364565696,30.565115801047,101.5824842056214,,,,,,4223,13709,2.133163513333348,32402,3.2823506100000066,FeTeO4-rutile,"(1, 0, 1)",Fe1Te1O4,5.406485820000055,2.133163513333348,1.1491870966666586,2.124135210000048,-0.4864858200000546,2.133163513333348,1,0.903163513333348,101.5824842056214,0.9865137747909823
21467,is2res_total_train_val_test_lmdbs/data/oc22/is2re-total/train/data.0036.lmdb,529,HCu28O50Y4,1,1.8618708322095403,0.985769551907168,1.3896942312017873,31.206856478044763,101.8702007522942,,,,,,15228,40445,1.526867056666655,28265,2.432875169999986,mvc-1832,"(1, 1, 0)",Y2Cu14O24,4.567367729999998,1.526867056666655,0.9060081133333312,2.134492560000012,0.3526322700000017,2.134492560000012,3,0.904492560000012,101.8702007522942,0.985769551907168
74742,is2res_total_train_val_test_lmdbs/data/oc22/is2re-total/train/data.0029.lmdb,207,HCo24O46,1,1.9634540320176703,0.9830167862134994,1.489136222203266,29.16445061626009,103.25552785238686,,,,,,70977,74131,-0.3057003649999978,77366,1.8410578299999991,mp-32686,"(2, 1, 0)",Co2O4,2.693059730000013,-0.3057003649999978,2.1467581949999968,0.8520019000000141,2.2269402699999867,2.2269402699999867,4,0.9969402699999868,103.25552785238686,0.9830167862134994
14048,is2res_total_train_val_test_lmdbs/data/oc22/is2re-total/train/data.0007.lmdb,213,HFe18O20,1,1.990585993474115,1.0052798987181824,1.4827595888897824,29.2505666610161,104.6358629679843,,,,,,29678,25825,-0.1632062500000211,31612,2.066146965,mp-1279742,"(2, -1, -1)",Fe2O2,2.878455219999976,-0.1632062500000211,2.22935321500002,0.8123082549999769,2.041544780000024,2.22935321500002,2,0.9993532150000202,104.6358629679843,1.0052798987181824
1609,is2res_total_train_val_test_lmdbs/data/oc22/is2re-total/train/data.0025.lmdb,137,HBa10O30Pd12,1,1.918654314746703,0.978509621621619,1.465388554222454,29.972930862472214,101.5946912699962,,,,,,8424,40565,0.7788812400000131,2056,3.020500900000028,mp-984876,"(2, 1, 0)",Ba2Pd2O5,3.907233609999989,0.7788812400000131,2.2416196600000147,0.8867327099999613,1.0127663900000106,2.2416196600000147,2,1.011619660000015,101.5946912699962,0.978509621621619
19706,is2res_total_train_val_test_lmdbs/data/oc22/is2re-total/train/data.0004.lmdb,927,HNi16O34Y8,1,1.948304574934908,0.9802048190558014,1.4943483260697217,29.496413248852125,101.85862815911634,,,,,,37083,26114,0.1493276799999797,34894,2.054118815000008,mvc-11636,"(1, 1, 0)",Y8Ni16O32,4.295990909999998,0.1493276799999797,1.904791135000028,2.2418720949999904,0.6240090900000022,2.2418720949999904,3,1.0118720949999904,101.85862815911634,0.9802048190558014
14837,is2res_total_train_val_test_lmdbs/data/oc22/is2re-total/train/data.0027.lmdb,938,HO82Si20Zr20,1,1.913792234804983,0.9796943555424946,1.4921664135454638,30.33638720064917,99.37452418049388,,,,,,22434,36103,1.5991206750000322,37551,3.8424866600000462,mp-1020588,"(2, 1, -2)",Zr2Si2O8,4.048463190000118,1.5991206750000322,2.243365985000014,0.2059765300000715,0.8715368099998821,2.243365985000014,2,1.0133659850000138,99.37452418049388,0.9796943555424946
32480,is2res_total_train_val_test_lmdbs/data/oc22/is2re-total/train/data.0015.lmdb,302,HO50Rh16Sc16,1,1.8966188688271888,1.0283121829836528,1.4921752022390236,32.63951347089379,95.85675857326214,,,,,,80788,20322,-0.1094048649999501,36530,2.181730907500023,mp-1196890,"(1, 0, -2)",Sc8Rh8O24,2.746685260000047,-0.1094048649999501,2.291135772499973,0.564954352500024,2.173314739999953,2.291135772499973,2,1.061135772499973,95.85675857326214,1.0283121829836528
4818,is2res_total_train_val_test_lmdbs/data/oc22/is2re-total/train/data.0000.lmdb,668,HAg24Al24O46,1,1.924359719218536,0.979776078537105,1.4968074914956069,30.106457116356804,99.86997941996836,,,,,,15189,20213,-1.5163751899999818,20301,0.6371254600000189,mp-9631,"(3, -1, 0)",Al2Ag2O4,2.938973089999988,-1.5163751899999818,2.1535006500000007,2.301847629999969,1.981026910000012,2.301847629999969,3,1.071847629999969,99.86997941996836,0.979776078537105
8326,is2res_total_train_val_test_lmdbs/data/oc22/is2re-total/train/data.0038.lmdb,882,HBi16O42Rb16,1,1.9005954862934973,0.9779382127023084,1.459760729512858,30.38244044495809,100.59585621015285,,,,,,9700,20485,1.3399162099999933,31939,3.65315368,mp-975106,"(1, 1, 2)",Rb2Bi2O5,4.52594589,1.3399162099999933,2.313237470000007,0.8727922099999996,0.3940541099999999,2.313237470000007,2,1.083237470000007,100.59585621015285,0.9779382127023084
70069,is2res_total_train_val_test_lmdbs/data/oc22/is2re-total/train/data.0007.lmdb,81,HO62Sb16Sn16,1,1.8781589251309083,0.982173178811752,1.4122701706556111,30.78740839661613,101.82108540471144,,,,,,72575,68505,1.220563183846154,77931,2.6864438277777825,mp-1218921,"(1, 0, 1)",Sn2Sb2O8,4.999966080000033,1.220563183846154,1.4658806439316283,2.3135222522222505,-0.079966080000033,2.3135222522222505,3,1.0835222522222503,101.82108540471144,0.982173178811752
25640,is2res_total_train_val_test_lmdbs/data/oc22/is2re-total/val_ood/data.0012.lmdb,66,HCo12O26Zn8,1,1.9111166783726603,0.9787550069333888,1.4710231371015812,30.22331702442215,100.61621077306032,,,,,,10450,22512,-0.3359829500000069,23033,0.9491913349999924,mvc-8002,"(1, 0, 0)",Zn4Co6O16,2.5613642300000072,-0.3359829500000069,1.2851742849999992,1.6121728950000147,2.3586357699999927,2.3586357699999927,4,1.1286357699999927,100.61621077306032,0.9787550069333888
74805,is2res_total_train_val_test_lmdbs/data/oc22/is2re-total/train/data.0026.lmdb,230,HFe22Nb22O94,1,1.8534087704100408,0.9850915375596476,1.3799441623773363,31.338016937383625,101.89691441338071,,,,,,73384,73114,2.3985371949999976,76180,4.4829999049999545,mp-22194,"(2, 0, 1)",Nb2Fe2O8,6.336926390000028,2.3985371949999976,2.084462709999957,1.8539264850000727,-1.416926390000028,2.3985371949999976,1,1.1685371949999976,101.89691441338071,0.9850915375596476
24432,is2res_total_train_val_test_lmdbs/data/oc22/is2re-total/train/data.0033.lmdb,821,HBi12O44Sn12,1,1.926252577117052,0.9793583867553732,1.481404639221337,29.93255104621553,101.06206507973374,,,,,,31198,37732,-0.3686471399999698,4420,2.0593278400000066,mp-754839,"(2, 1, 0)",Sn2Bi2O8,3.236972640000031,-0.3686471399999698,2.427974979999976,1.1776448000000244,1.683027359999969,2.427974979999976,2,1.1979749799999762,101.06206507973374,0.9793583867553732
22584,is2res_total_train_val_test_lmdbs/data/oc22/is2re-total/train/data.0002.lmdb,378,HIr18O58,1,1.860302278509453,0.9932299495821942,1.4098725499571796,31.72154471590173,100.00310652459646,,,,,,40615,4821,0.9225040066666562,4527,1.9220044449999965,mp-1021489,"(2, 2, 1)",Ir1O3,2.475224789999968,0.9225040066666562,0.9995004383333402,0.5532203449999715,2.444775210000032,2.444775210000032,4,1.214775210000032,100.00310652459646,0.9932299495821942
1858,is2res_total_train_val_test_lmdbs/data/oc22/is2re-total/train/data.0031.lmdb,169,HCd8O36Se16,1,1.8931942426000303,1.0187328484071263,1.4592882825297753,32.19402504912401,98.05933990263584,,,,,,25864,18948,0.5771667399999763,22310,1.6960868966666638,mp-9178,"(0, 0, 1)",Cd4Se8O20,4.147074050000012,0.5771667399999763,1.1189201566666875,2.4509871533333483,0.7729259499999879,2.4509871533333483,3,1.2209871533333485,98.05933990263584,1.0187328484071263
37064,is2res_total_train_val_test_lmdbs/data/oc22/is2re-total/train/data.0017.lmdb,509,HCd24O22,1,1.905371188466306,0.9791510504265278,1.467659317219769,30.363574648953357,100.3765906940529,,,,,,14003,24005,-0.4663259599999969,37992,1.4589981649999946,mp-1132,"(2, 1, 0)",Cd4O4,3.911311699999997,-0.4663259599999969,1.9253241249999915,2.4523135350000027,1.0086883000000029,2.4523135350000027,3,1.2223135350000027,100.3765906940529,0.9791510504265278
34038,is2res_total_train_val_test_lmdbs/data/oc22/is2re-total/train/data.0026.lmdb,724,HCr16Nb16O66,1,1.8481552553272265,0.9873545952673816,1.3653862794687506,31.45856447809588,102.34671842134428,,,,,,40342,37087,1.335026110000039,10072,3.812799085000021,mp-758053,"(1, 0, 0)",Nb4Cr4O16,4.524400949999969,1.335026110000039,2.477772974999982,0.7116018649999485,0.3955990500000306,2.477772974999982,2,1.247772974999982,102.34671842134428,0.9873545952673816
26464,is2res_total_train_val_test_lmdbs/data/oc22/is2re-total/train/data.0008.lmdb,3,HAl19Mg15O50,1,1.9788062845892125,1.0162101215843993,1.4173404566543475,29.29664567512439,107.6651394043253,,,,,,14950,16307,-0.0760864049999747,23233,2.412763710000005,mp-1222118,"(1, 0, 0)",Mg5Al7O16,4.133326740000027,-0.0760864049999747,2.4888501149999795,1.720563030000022,0.7866732599999731,2.4888501149999795,2,1.2588501149999796,107.6651394043253,1.0162101215843993
12405,is2res_total_train_val_test_lmdbs/data/oc22/is2re-total/train/data.0021.lmdb,299,HMn24O24,1,1.9029481919238604,0.9785947109904414,1.4861297549106232,30.525474133553335,98.99943006044543,,,,,,26335,23517,-0.3105803580000008,21373,0.65626381999999,mp-999539,"(1, 2, 0)",Mn4O4,3.146240640000028,-0.3105803580000008,0.9668441779999908,2.489976820000038,1.7737593599999717,2.489976820000038,3,1.259976820000038,98.99943006044543,0.9785947109904414
38935,is2res_total_train_val_test_lmdbs/data/oc22/is2re-total/train/data.0024.lmdb,813,HAl11O38Sb7,1,1.851975489950258,0.9839438532555924,1.4193610301707624,31.630823242553205,99.21061755996912,,,,,,4212,36179,0.7046757199999922,38042,1.8562400400000147,mp-1214826,"(1, 1, 1)",Al10Sb6O32,4.396061040000004,0.7046757199999922,1.1515643200000223,2.539820999999989,0.5239389599999962,2.539820999999989,3,1.3098209999999892,99.21061755996912,0.9839438532555924
35867,is2res_total_train_val_test_lmdbs/data/oc22/is2re-total/train/data.0036.lmdb,204,HBi16O48Sc16,1,1.9180282207300128,0.9788616470712724,1.4799887827783142,30.114344205540814,100.54594981320676,,,,,,39399,34705,-0.3218229499999745,26768,1.7631752433333336,mp-555313,"(0, 1, 0)",Sc8Bi8O24,2.362488789999927,-0.3218229499999745,2.084998193333308,0.5993135466665935,2.5575112100000728,2.5575112100000728,4,1.3275112100000728,100.54594981320676,0.9788616470712724
4802,is2res_total_train_val_test_lmdbs/data/oc22/is2re-total/train/data.0005.lmdb,661,HGe16O46V8,1,1.9704336210337157,1.0277050823223948,1.4778962216700022,30.64865334260161,102.20609716299818,,,,,,2878,19874,0.8870431733333434,5851,3.4578574150000043,mvc-8362,"(0, 1, 0)",V4Ge8O24,4.884476769999989,0.8870431733333434,2.570814241666661,1.426619354999985,0.0355232300000105,2.570814241666661,2,1.3408142416666609,102.20609716299818,1.0277050823223948
75643,is2res_total_train_val_test_lmdbs/data/oc22/is2re-total/train/data.0035.lmdb,69,HO48Pd14Sb14,1,1.9068861463091868,0.9811732970716563,1.4696006092480305,30.418372986934354,100.26256825295047,,,,,,73568,78958,1.0899477899999772,69473,1.869894747499996,mp-1186927,"(2, 1, 1)",Sb1Pd1O3,4.442636450000006,1.0899477899999772,0.7799469575000189,2.5727417025000103,0.4773635499999935,2.5727417025000103,3,1.3427417025000103,100.26256825295047,0.9811732970716563
34559,is2res_total_train_val_test_lmdbs/data/oc22/is2re-total/train/data.0026.lmdb,731,HMg28Ni12O42,1,1.866816682919947,0.9824467236622412,1.410326187685573,31.09941169706861,101.0426435357502,,,,,,39246,27579,1.6216110230769256,9657,2.5542401700000124,mp-1099253,"(1, 0, 0)",Mg3Ni1O4,5.130096739999996,1.6216110230769256,0.9326291469230868,2.575856569999984,-0.2100967399999964,2.575856569999984,3,1.345856569999984,101.0426435357502,0.9824467236622412
38729,is2res_total_train_val_test_lmdbs/data/oc22/is2re-total/train/data.0016.lmdb,730,HAl14Co30O58,1,1.9074181833154975,0.978148263239779,1.4867672712760256,30.40070785089633,99.31914656072142,,,,,,16728,22896,0.8642034799999954,39371,2.3742632249999622,mp-753184,"(1, 1, 0)",Al4Co8O16,4.958432319999927,0.8642034799999954,1.5100597449999669,2.584169094999965,-0.0384323199999272,2.584169094999965,3,1.354169094999965,99.31914656072142,0.978148263239779
4229,is2res_total_train_val_test_lmdbs/data/oc22/is2re-total/train/data.0005.lmdb,73,HLu8O14,1,1.9416998168722817,1.016605453216518,1.3917159425677454,30.1465405877626,106.41921241345318,,,,,,36192,33184,-0.4085122799999874,8072,2.072695039999997,mp-1206244,"(1, 0, 1)",Lu2O4,4.687257969999988,-0.4085122799999874,2.481207319999984,2.61456292999999,0.2327420300000122,2.61456292999999,3,1.3845629299999906,106.41921241345318,1.016605453216518
82397,is2res_total_train_val_test_lmdbs/data/oc22/is2re-total/train/data.0005.lmdb,441,HBi16O58Te14,1,1.9232788683234727,1.000880794987251,1.476659350454993,30.823193984300364,100.06744462197386,,,,,,81912,82553,1.0332783900000015,82018,2.3798537924999983,BiTeO4-rutile,"(1, 0, 2)",Bi1Te1O4,4.998477449999993,1.0332783900000015,1.3465754024999967,2.618623657499995,-0.0784774499999931,2.618623657499995,3,1.3886236574999948,100.06744462197386,1.000880794987251
28327,is2res_total_train_val_test_lmdbs/data/oc22/is2re-total/train/data.0035.lmdb,973,HGe12O50Tl12,1,1.8613959252625305,0.98996028752689,1.344225209749032,30.950665630520984,104.75488247147798,,,,,,13152,15491,1.9571772999999928,25909,2.59078757166666,TlGeO4-rutile,"(2, -1, 1)",Tl1Ge1O4,5.243010859999967,1.9571772999999928,0.6336102716666672,2.6522232883333072,-0.3230108599999672,2.6522232883333072,3,1.4222232883333072,104.75488247147798,0.98996028752689
17295,is2res_total_train_val_test_lmdbs/data/oc22/is2re-total/train/data.0026.lmdb,1002,HCr6Li16O24,1,1.904309417215045,0.9808085446944276,1.4750047299244058,30.507088051903413,99.72538924798134,,,,,,15980,14759,2.6881209799999883,38867,1.750278704999997,mp-770632,"(0, 1, 1)",Li6Cr2O8,2.7125080999999773,2.6881209799999883,-0.9378422749999912,0.9622293949999804,2.2074919000000226,2.6881209799999883,1,1.4581209799999884,99.72538924798134,0.9808085446944276
35952,is2res_total_train_val_test_lmdbs/data/oc22/is2re-total/train/data.0006.lmdb,986,HCa4O38Sb17,1,1.8791262792962435,0.982387131863346,1.406417212536987,30.71816587269388,102.28634386186872,,,,,,39240,40471,2.709873569999994,32010,2.8141350650000003,mvc-10699,"(1, 1, -1)",Ca2Sb8O16,5.184685820000024,2.709873569999994,0.1042614950000064,2.370550755000024,-0.2646858200000244,2.709873569999994,1,1.479873569999994,102.28634386186872,0.982387131863346
37189,is2res_total_train_val_test_lmdbs/data/oc22/is2re-total/train/data.0004.lmdb,352,HCd40O34,1,1.9207598869721365,1.0059549236491376,1.4839100275438402,31.134276569477745,99.16228682827744,,,,,,30763,22089,-1.2996488000000193,26661,1.4273348699999933,mp-1132,"(3, 2, 0)",Cd4O4,2.256742959999994,-1.2996488000000193,2.7269836700000125,0.8294080900000014,2.6632570400000053,2.7269836700000125,2,1.4969836700000123,99.16228682827744,1.0059549236491376
11017,is2res_total_train_val_test_lmdbs/data/oc22/is2re-total/train/data.0034.lmdb,6,HO32Ti12V4,1,1.9656821992293436,0.981925693726086,1.481096951167286,28.985776648070686,104.04899456621466,,,,,,14100,34850,-0.020546810000004,10952,1.1514325450000034,mp-756455,"(1, 0, 0)",Ti6V2O16,2.1812128000000235,-0.020546810000004,1.1719793550000075,1.02978025500002,2.7387871999999764,2.7387871999999764,4,1.5087871999999765,104.04899456621466,0.981925693726086
68533,is2res_total_train_val_test_lmdbs/data/oc22/is2re-total/train/data.0033.lmdb,175,HCa8Ge38O74,1,1.9043144844123436,0.9792063784387712,1.4819568938550234,30.489261604084675,99.34705830949753,,,,,,80831,74310,1.0819152499999325,76939,0.931507362000006,mp-29273,"(0, 0, 1)",Ca4Ge14O32,3.705738989999984,1.0819152499999325,-0.1504078879999265,2.7742316279999786,1.2142610100000155,2.7742316279999786,3,1.5442316279999786,99.34705830949753,0.9792063784387712
74463,is2res_total_train_val_test_lmdbs/data/oc22/is2re-total/val_ood/data.0004.lmdb,60,HLi10Mn32O42,1,1.9815384968608436,1.0160632435675638,1.4949712035353937,30.03632968158177,102.53157147017072,,,,,,71989,75551,-0.85866562000003,77314,0.2011595699999848,mp-1291590,"(1, -1, -2)",Li2Mn6O8,2.096258589999932,-0.85866562000003,1.0598251900000148,1.895099019999948,2.823741410000068,2.823741410000068,4,1.5937414100000675,102.53157147017072,1.0160632435675638
13062,is2res_total_train_val_test_lmdbs/data/oc22/is2re-total/train/data.0005.lmdb,302,HO10Ta48,1,1.8923820446737305,0.9793849639534198,1.4780341956915346,30.77060139008453,98.6881926244208,,,,,,23585,2325,-1.387112720000024,34676,1.445795779999995,mp-1218065,"(1, 1, -1)",Ta12O2,2.159176450000016,-1.387112720000024,2.832908500000019,0.7133806700000209,2.760823549999984,2.832908500000019,2,1.602908500000019,98.6881926244208,0.9793849639534198
73043,is2res_total_train_val_test_lmdbs/data/oc22/is2re-total/train/data.0007.lmdb,505,HO46Rb8Sb16,1,2.0076917423777743,1.0371518482333797,1.4200038945897897,29.317732299777585,108.58420364372088,,,,,,72759,68480,1.4736162712500038,77732,4.3410857400000085,mp-558023,"(1, 1, 0)",Rb8Sb16O44,5.782766949999993,1.4736162712500038,2.867469468750005,1.4416812099999845,-0.862766949999993,2.867469468750005,2,1.6374694687500049,108.58420364372088,1.0371518482333797
21315,is2res_total_train_val_test_lmdbs/data/oc22/is2re-total/train/data.0033.lmdb,557,HAl10Co24O46,1,1.9680098279809952,0.9933041497988544,1.4774271013784652,29.34107036668436,103.87049735616615,,,,,,5406,26152,-0.1399324100000478,8425,2.74090762,mp-753184,"(1, 1, 1)",Al4Co8O16,2.788682959999958,-0.1399324100000478,2.880840030000047,0.0477753399999585,2.131317040000042,2.880840030000047,2,1.650840030000047,103.87049735616615,0.9933041497988544
33198,is2res_total_train_val_test_lmdbs/data/oc22/is2re-total/train/data.0003.lmdb,578,HCd12K12O21,1,1.9298651653679648,0.9775423904308868,1.4893409580753942,29.827730884487163,100.90096447231808,,,,,,12967,17111,1.1533312999999998,24880,2.566639794999998,mp-7534,"(1, 1, 0)",K4Cd4O6,5.460756790000002,1.1533312999999998,1.4133084949999983,2.894116995000004,-0.5407567900000023,2.894116995000004,3,1.664116995000004,100.90096447231808,0.9775423904308868
37768,is2res_total_train_val_test_lmdbs/data/oc22/is2re-total/train/data.0033.lmdb,819,HO70W22Zn22,1,1.890758856700204,0.9798703766926228,1.4767149896675102,30.822317363222307,98.62771066001162,,,,,,35257,26565,2.737930299999997,34909,2.007188375000025,mvc-4013,"(2, 1, 0)",Zn4W4O12,2.0195187000000465,2.737930299999997,-0.7307419249999723,0.0123303250000219,2.9004812999999534,2.9004812999999534,4,1.6704812999999534,98.62771066001162,0.9798703766926228
19633,is2res_total_train_val_test_lmdbs/data/oc22/is2re-total/train/data.0005.lmdb,1093,HO54Ti8V16,1,1.9259877242418408,0.982933352729069,1.481303942128445,30.07948160547616,100.86703549942766,,,,,,29516,2341,-0.3599564950000251,12955,-0.1047232699999962,mp-752445,"(1, 0, 0)",Ti4V8O28,2.80102266999995,-0.3599564950000251,0.2552332250000289,2.905745939999946,2.11897733000005,2.905745939999946,3,1.675745939999946,100.86703549942766,0.982933352729069
7245,is2res_total_train_val_test_lmdbs/data/oc22/is2re-total/train/data.0002.lmdb,102,HFe8O34Sb8,1,1.8398580358935763,0.9910154734027404,1.3466717238608776,31.69103979031126,102.75809336197932,,,,,,5671,16196,1.5537776500000098,16510,4.502529594999996,mp-761281,"(1, 1, 0)",Fe4Sb4O16,7.117831899999996,1.5537776500000098,2.9487519449999864,2.615302305,-2.197831899999996,2.9487519449999864,2,1.7187519449999864,102.75809336197932,0.9910154734027404
71906,is2res_total_train_val_test_lmdbs/data/oc22/is2re-total/train/data.0038.lmdb,72,HCs20Ga8O22,1,2.045430387171136,1.0687437255118308,1.4910283842617829,30.330157181687586,104.8797320528756,,,,,,70432,70215,1.340356458,71368,0.859988915,mp-772181,"(1, 0, 0)",Cs12Ga4O12,1.9566770000000109,1.340356458,-0.480367543,1.096688085000011,2.9633229999999893,2.9633229999999893,4,1.7333229999999893,104.8797320528756,1.0687437255118308
73658,is2res_total_train_val_test_lmdbs/data/oc22/is2re-total/train/data.0032.lmdb,871,HBi20O74Ti22,1,1.93110233242726,1.0182619125308212,1.4587917206091594,31.178011030033364,100.94809790428872,,,,,,78588,76066,0.311167294999999,68612,0.9067103750000148,mp-1200889,"(1, 0, 0)",Ti8Bi8O28,1.9202741499999525,0.311167294999999,0.5955430800000157,1.0135637749999376,2.999725850000048,2.999725850000048,4,1.769725850000048,100.94809790428872,1.0182619125308212
16422,is2res_total_train_val_test_lmdbs/data/oc22/is2re-total/train/data.0016.lmdb,1070,HLi36O50Sb12,1,1.9095995236209704,0.9785572428307208,1.4759144702075075,30.28948317519124,100.1830169645892,,,,,,7596,36614,0.2679232233333357,3983,1.7595777233333243,mp-5769,"(2, 1, 1)",Li6Sb2O8,4.796044840000033,0.2679232233333357,1.4916544999999886,3.036467116666709,0.1239551599999666,3.036467116666709,3,1.8064671166667088,100.1830169645892,0.9785572428307208
69625,is2res_total_train_val_test_lmdbs/data/oc22/is2re-total/train/data.0008.lmdb,843,HCr10O46Sb12,1,1.8855927051694927,0.9859697791835652,1.4630776725816284,31.111371856468487,98.82708241151803,,,,,,75164,70601,-0.7047273799999708,72703,2.361950384999998,mp-33857,"(0, 2, 1)",Cr2Sb2O8,3.0161270400000126,-0.7047273799999708,3.0666777649999686,0.6541766550000148,1.9038729599999875,3.0666777649999686,2,1.8366777649999688,98.82708241151803,0.9859697791835652
16533,is2res_total_train_val_test_lmdbs/data/oc22/is2re-total/train/data.0038.lmdb,997,HBa8O26Sc8,1,1.886798282160416,0.9813172081716436,1.4127311390687107,30.51224064701171,102.52324932266475,,,,,,35326,7369,-1.1128133499999728,26111,1.2934616400000014,mp-1183289,"(2, 1, 1)",Ba1Sc1O3,4.497307250000003,-1.1128133499999728,2.4062749899999742,3.203845610000002,0.4226927499999968,3.203845610000002,3,1.973845610000002,102.52324932266475,0.9813172081716436
1584,is2res_total_train_val_test_lmdbs/data/oc22/is2re-total/train/data.0034.lmdb,1054,HLi12O26Sn8,1,1.9163994085112808,0.9922204361054398,1.4642343476688788,30.570229898650123,100.79260722760846,,,,,,81085,29045,-0.261558710000022,12801,1.0606102299999922,mp-1222981,"(1, 0, 1)",Li2Sn1O4,1.7147170599999957,-0.261558710000022,1.3221689400000145,0.6541068300000032,3.2052829400000045,3.2052829400000045,4,1.9752829400000045,100.79260722760846,0.9922204361054398
4276,is2res_total_train_val_test_lmdbs/data/oc22/is2re-total/train/data.0035.lmdb,888,HAu16O54Rh16,1,1.8920477599856784,1.0023501932724772,1.4343566300596469,31.406810591396265,100.3733639253484,,,,,,17189,15486,3.2224883200000054,7805,3.273682265000017,RhAuO4-rutile,"(1, 1, 2)",Rh1Au1O4,5.65229214000004,3.2224883200000054,0.0511939450000116,2.378609875000023,-0.7322921400000402,3.2224883200000054,1,1.9924883200000048,100.3733639253484,1.0023501932724772
70375,is2res_total_train_val_test_lmdbs/data/oc22/is2re-total/train/data.0017.lmdb,470,HO52Sn18Sr18,1,1.927992806501198,0.9795433702575022,1.49088248045158,29.964974069332506,100.55292927108825,,,,,,70495,73542,-1.586486370000008,78724,1.6501351433333369,mp-546973,"(3, 1, 0)",Sr1Sn1O3,1.8866204800000308,-1.586486370000008,3.236621513333345,0.2364853366666939,3.0333795199999694,3.236621513333345,2,2.006621513333345,100.55292927108825,0.9795433702575022
25466,is2res_total_train_val_test_lmdbs/data/oc22/is2re-total/train/data.0023.lmdb,931,HGa16O32Tl16,1,1.9081699323616452,0.9783838350543704,1.491636814680791,30.42150130337044,99.04568168330329,,,,,,6910,39030,-0.6434930300000212,28896,-0.8295255200000351,mp-14222,"(1, 1, 0)",Tl8Ga8O16,2.43935355999997,-0.6434930300000212,-0.1860324900000138,3.268879080000005,2.48064644000003,3.268879080000005,3,2.038879080000005,99.04568168330329,0.9783838350543704
8027,is2res_total_train_val_test_lmdbs/data/oc22/is2re-total/train/data.0015.lmdb,274,HBa12O34Sc10,1,1.936250891864572,0.9763753894534688,1.4595467516242404,29.361774767287493,103.5027292741502,,,,,,16022,36439,-0.0300743749999889,35716,3.250167769999988,mp-1183289,"(2, 1, 0)",Ba1Sc1O3,4.25094801,-0.0300743749999889,3.280242144999977,1.000780240000012,0.6690519899999998,3.280242144999977,2,2.050242144999977,103.5027292741502,0.9763753894534688
36205,is2res_total_train_val_test_lmdbs/data/oc22/is2re-total/train/data.0012.lmdb,1,HBi32Mg16O64,1,1.9130353534485376,0.9769981002457608,1.491692237181899,30.247228467690537,99.4792515694716,,,,,,19898,5810,3.2943235999999647,19473,1.82781672666666,mvc-7302,"(2, 1, 0)",Mg4Bi8O16,2.274412879999997,3.2943235999999647,-1.4665068733333049,0.4465961533333371,2.6455871200000027,3.2943235999999647,1,2.0643235999999647,99.4792515694716,0.9769981002457608
13399,is2res_total_train_val_test_lmdbs/data/oc22/is2re-total/train/data.0031.lmdb,219,HO60Sn16Ti16,1,1.9091345344140296,0.9857943699983522,1.4673728064303655,30.527584919767445,100.35105944261038,,,,,,17712,7526,-1.0113295399999254,28840,2.2889420900000044,TiSnO4-rutile,"(1, 1, 2)",Ti1Sn1O4,4.258310350000099,-1.0113295399999254,3.30027162999993,1.9693682600000944,0.661689649999901,3.30027162999993,2,2.07027162999993,100.35105944261038,0.9857943699983522
69431,is2res_total_train_val_test_lmdbs/data/oc22/is2re-total/train/data.0032.lmdb,582,HCr6O26Sb5,1,1.8843842052574544,1.0386935961756574,1.3872072794491035,32.76299226770202,100.9556142862308,,,,,,71433,69512,1.8100417400000115,68707,2.6002616900000084,mp-754974,"(2, 1, 0)",Cr1Sb1O4,5.939486839999998,1.8100417400000115,0.7902199499999969,3.3392251499999897,-1.019486839999998,3.3392251499999897,3,2.1092251499999897,100.9556142862308,1.0386935961756574
28906,is2res_total_train_val_test_lmdbs/data/oc22/is2re-total/val_id/data.0020.lmdb,57,HO24Sr8Zr8,1,1.881548737351136,1.0282591187476904,1.470767579069415,32.917702462721294,96.06835461181971,,,,,,17374,33210,-0.495869672,40293,-1.6734965999999951,mp-4387,"(1, 0, 0)",Sr4Zr4O12,1.5724936299999943,-0.495869672,-1.1776269279999951,3.2459902299999897,3.347506370000006,3.347506370000006,4,2.117506370000006,96.06835461181971,1.0282591187476904
41705,is2res_total_train_val_test_lmdbs/data/oc22/is2re-total/train/data.0028.lmdb,873,HO46W16Zn4,1,1.9121742138959237,0.9827301716212076,1.4768158240198022,30.39435318976764,100.11289592378674,,,,,,44577,41352,0.8693068449999976,44153,2.1062481200000014,mvc-16392,"(1, 0, 1)",Zn1W4O9,1.5700012199999922,0.8693068449999976,1.236941275000004,-0.5362469000000092,3.349998780000008,3.349998780000008,4,2.119998780000008,100.11289592378674,0.9827301716212076
30143,is2res_total_train_val_test_lmdbs/data/oc22/is2re-total/train/data.0024.lmdb,594,HGa16O58Te16,1,1.917718101326636,0.9796862545189992,1.4824218505232682,30.172039913043545,100.31866864051058,,,,,,6177,15488,1.4312480399999947,10768,2.665956529999986,GaTeO4-rutile,"(2, 1, 1)",Ga1Te1O4,6.055015249999994,1.4312480399999947,1.2347084899999914,3.389058720000008,-1.135015249999994,3.389058720000008,3,2.159058720000008,100.31866864051058,0.9796862545189992
13106,is2res_total_train_val_test_lmdbs/data/oc22/is2re-total/train/data.0005.lmdb,374,HO66V28,1,1.8716142490333625,1.0015975772893158,1.395473863643412,31.641259925311104,101.39712035000608,,,,,,40114,33637,1.901068580999996,11016,3.017183012857126,mp-1102963,"(1, 2, 0)",V4O8,6.496672309999892,1.901068580999996,1.1161144318571306,3.479489297142765,-1.5766723099998918,3.479489297142765,3,2.249489297142765,101.39712035000608,1.0015975772893158
2165,is2res_total_train_val_test_lmdbs/data/oc22/is2re-total/train/data.0023.lmdb,400,HGe16O18Sr48,1,1.9042633668478297,0.97532617411197,1.4781588593934294,30.31344544055104,99.7844036399707,,,,,,20208,6972,-0.7365171999999995,15153,-0.8667666300000032,mp-30950,"(1, 1, 2)",Sr12Ge4O4,2.703038840000031,-0.7365171999999995,-0.1302494300000036,3.569805470000034,2.216961159999969,3.569805470000034,3,2.339805470000034,99.7844036399707,0.97532617411197
19493,is2res_total_train_val_test_lmdbs/data/oc22/is2re-total/train/data.0021.lmdb,281,HO60Sc16Ta16,1,1.881410751454632,0.9930637753579168,1.4441239422958738,31.382870323232225,99.3915551610334,,,,,,5300,8649,-2.0722157000000347,1853,-2.2069910650000417,mp-558781,"(1, 1, 0)",Sc2Ta2O8,1.3805478699999845,-2.0722157000000347,-0.1347753650000069,3.587538935000026,3.5394521300000155,3.587538935000026,3,2.357538935000026,99.3915551610334,0.9930637753579168
38551,is2res_total_train_val_test_lmdbs/data/oc22/is2re-total/train/data.0027.lmdb,523,HMo12O46Zn12,1,1.8999048414492905,0.9796619762147706,1.4791414379850976,30.600048901103115,99.17370464926532,,,,,,6345,2843,3.3615721299999937,22361,-1.0959987199999854,mp-16882,"(0, 1, 0)",Zn6Mo6O24,2.4963596700000013,3.3615721299999937,-4.457570849999979,3.592358389999987,2.4236403299999987,3.592358389999987,3,2.362358389999987,99.17370464926532,0.9796619762147706
29073,is2res_total_train_val_test_lmdbs/data/oc22/is2re-total/train/data.0024.lmdb,292,HAu22Li24O50,1,1.9343551625768944,1.006252743544039,1.4823489529434293,30.78831410592201,100.26911608754632,,,,,,5857,22893,1.0617009300000098,18037,1.8782127599999945,mp-996961,"(1, 2, 1)",Li4Au4O8,5.498486679999982,1.0617009300000098,0.8165118299999845,3.620273919999988,-0.5784866799999824,3.620273919999988,3,2.3902739199999883,100.26911608754632,1.006252743544039
75879,is2res_total_train_val_test_lmdbs/data/oc22/is2re-total/train/data.0029.lmdb,154,HAg24Bi24O74,1,1.8879781961645057,0.9816860501117948,1.4222542954272337,30.57781589474144,101.94486376100431,,,,,,76994,68812,1.2796994333333294,75518,1.1208917399999596,mp-23548,"(1, 0, -2)",Ag6Bi6O18,4.769567129999925,1.2796994333333294,-0.1588076933333697,3.6486753899999655,0.150432870000075,3.6486753899999655,3,2.4186753899999656,101.94486376100431,0.9816860501117948
22872,is2res_total_train_val_test_lmdbs/data/oc22/is2re-total/train/data.0003.lmdb,630,HNi24O44Si12,1,1.909730709688535,1.0044620851072004,1.485667207434702,31.363076303010637,98.30147014905069,,,,,,14875,37490,-1.7143593099999828,30722,-1.7671829699999957,mp-19072,"(1, 0, 0)",Si4Ni8O16,1.923389260000019,-1.7143593099999828,-0.0528236600000129,3.690572230000015,2.996610739999981,3.690572230000015,3,2.460572230000015,98.30147014905069,1.0044620851072004
82477,is2res_total_train_val_test_lmdbs/data/oc22/is2re-total/train/data.0036.lmdb,695,HO50Si16W8,1,1.904277505937828,0.9843513590349698,1.481265405727036,30.687418308364567,99.13904237306711,,,,,,82245,82951,0.7334627899999566,82469,0.3744603599999696,mp-1143521,"(0, 1, 0)",Si8W4O24,1.2165173600000092,0.7334627899999566,-0.359002429999987,0.8420570000000396,3.703482639999991,3.703482639999991,4,2.473482639999991,99.13904237306711,0.9843513590349698
12393,is2res_total_train_val_test_lmdbs/data/oc22/is2re-total/train/data.0008.lmdb,393,HCa22O64Zr22,1,1.88698806171474,0.978810515429158,1.461895822040554,30.784294591408464,99.3614874158838,,,,,,6008,1565,-2.2951491500000625,32131,-0.3391283274999945,mp-4571,"(2, 1, 0)",Ca4Zr4O12,1.2030019300000252,-2.2951491500000625,1.956020822500068,1.5421302575000198,3.716998069999975,3.716998069999975,4,2.486998069999975,99.3614874158838,0.978810515429158
21086,is2res_total_train_val_test_lmdbs/data/oc22/is2re-total/train/data.0011.lmdb,370,HCo30O62Si16,1,1.8959229187085629,0.978434366618912,1.486856863378798,30.697121725286667,98.42798378640592,,,,,,23125,26606,-3.015524250000018,8522,0.8604157950000204,mp-19071,"(1, 1, 0)",Co16Si8O32,1.332549480000009,-3.015524250000018,3.8759400450000383,0.4721336849999886,3.587450519999991,3.8759400450000383,2,2.6459400450000383,98.42798378640592,0.978434366618912
72805,is2res_total_train_val_test_lmdbs/data/oc22/is2re-total/train/data.0021.lmdb,512,HCs16Ga16O30,1,1.9411731172819728,0.9875618397964364,1.4901157233245323,29.935822082473685,101.21521164024378,,,,,,69766,78592,-2.211159029999996,70538,-2.472604109999994,mp-1178397,"(1, 0, 0)",Cs8Ga8O16,1.0327095700000062,-2.211159029999996,-0.2614450799999983,3.5053136800000004,3.887290429999994,3.887290429999994,4,2.657290429999994,101.21521164024378,0.9875618397964364
35244,is2res_total_train_val_test_lmdbs/data/oc22/is2re-total/val_ood/data.0034.lmdb,5,HNb8O54Sc24,1,1.935949561429408,0.9806486133429844,1.496749979887669,29.84852862162572,100.71849032969553,,,,,,23812,27252,-1.85575726,30032,-1.855141230000046,mp-1173397,"(0, 1, 1)",Sc6Nb2O14,2.0659004799999803,-1.85575726,0.000616029999954,3.9210417100000265,2.85409952000002,3.9210417100000265,3,2.6910417100000266,100.71849032969553,0.9806486133429844
16268,is2res_total_train_val_test_lmdbs/data/oc22/is2re-total/val_ood/data.0006.lmdb,41,HMo12Ni3O43,1,1.8792937018421847,0.9826101027981108,1.4283037674009464,30.903443259549903,100.8042402887397,,,,,,37263,14863,1.5489817600000129,23000,5.494480500000006,mp-1180053,"(1, 1, 0)",Ni1Mo4O15,7.120740220000013,1.5489817600000129,3.9454987399999935,1.6262597200000073,-2.200740220000013,3.9454987399999935,2,2.715498739999993,100.8042402887397,0.9826101027981108
25548,is2res_total_train_val_test_lmdbs/data/oc22/is2re-total/train/data.0030.lmdb,171,HO50Si16V16,1,1.9149041652512608,0.9802225214195878,1.4985267269033555,30.368859859970485,99.01716947615095,,,,,,3789,33108,-3.279098600000017,16502,0.7504810799999551,mp-1276230,"(1, 0, -1)",V2Si2O7,2.073716579999993,-3.279098600000017,4.029579679999972,1.3232355000000384,2.8462834200000064,4.029579679999972,2,2.799579679999972,99.01716947615095,0.9802225214195878
25785,is2res_total_train_val_test_lmdbs/data/oc22/is2re-total/train/data.0023.lmdb,759,HHg14Mo12O44,1,1.936910097720577,0.9853757853824264,1.485378026344758,29.923891447690888,101.31421346468784,,,,,,18799,25459,-1.156433430000012,29680,1.928812849999984,mp-554533,"(1, 0, 1)",Hg4Mo4O14,0.8890613199999937,-1.156433430000012,3.085246279999996,-1.0397515299999898,4.030938680000006,4.030938680000006,4,2.8009386800000065,101.31421346468784,0.9853757853824264
9022,is2res_total_train_val_test_lmdbs/data/oc22/is2re-total/train/data.0017.lmdb,483,HMg18O58Rb20,1,1.8803622578640071,0.982120047760446,1.415247042433854,30.74871019789386,101.79584650549454,,,,,,6317,9971,-2.327630029999985,22211,1.9820088883333324,mp-1186884,"(2, 2, 1)",Rb1Mg1O3,4.291930809999994,-2.327630029999985,4.3096389183333175,2.3099219216666613,0.6280691900000059,4.3096389183333175,2,3.079638918333317,101.79584650549454,0.982120047760446
19264,is2res_total_train_val_test_lmdbs/data/oc22/is2re-total/train/data.0027.lmdb,0,HMg6O58Ti30,1,1.9244097899832104,0.98034668178602,1.4762809231357117,29.98032384401028,101.21311821941056,,,,,,2651,25788,-1.4807398900000146,28516,-3.192300824999992,mp-766437,"(1, 0, -1)",Mg2Ti10O20,1.9702220399999508,-1.4807398900000146,-1.7115609349999772,5.162522864999943,2.9497779600000493,5.162522864999943,3,3.932522864999943,101.21311821941056,0.98034668178602
31366,is2res_total_train_val_test_lmdbs/data/oc22/is2re-total/train/data.0001.lmdb,1085,HGa16O46V16,1,1.9154781511542944,1.0045738836263085,1.4704602798211683,31.128374526899307,99.6971298879097,,,,,,9013,13565,-1.8053784699999849,30142,-0.2743053099999907,mp-755580,"(1, 0, 0)",V4Ga4O12,-0.3020285900000228,-1.8053784699999849,1.5310731599999938,-0.0277232800000321,5.222028590000023,5.222028590000023,4,3.992028590000023,99.6971298879097,1.0045738836263085
27444,is2res_total_train_val_test_lmdbs/data/oc22/is2re-total/train/data.0026.lmdb,31,HO43Sb22Zn5,1,1.9242926863394287,1.0551122283392798,1.487208243342641,32.97841842844527,96.9151082174081,,,,,,27707,38503,-1.635814320000028,13979,0.5723467699999933,mvc-2876,"(1, -2, 2)",Zn1Sb4O8,-1.2804540200000385,-1.635814320000028,2.2081610900000213,-1.852800790000032,6.200454020000039,6.200454020000039,4,4.970454020000039,96.9151082174081,1.0551122283392798
8287,is2res_total_train_val_test_lmdbs/data/oc22/is2re-total/train/data.0017.lmdb,1072,HFe28Mn6O44,1,1.919408497880997,0.9750243414733032,1.4979846245140094,30.052863990162678,99.64661652711057,,,,,,80993,2991,-0.0020999699999799,21146,1.3443351575000029,mp-1221814,"(1, 0, 1)",Mn3Fe15O24,-2.164337719999994,-0.0020999699999799,1.3464351274999828,-3.508672877499997,7.0843377199999935,7.0843377199999935,4,5.854337719999993,99.64661652711057,0.9750243414733032
40899,is2res_total_train_val_test_lmdbs/data/oc22/is2re-total/train/data.0034.lmdb,977,HCr12O46Ta11,1,1.9282129807365016,0.9824772819346856,1.4831919301031598,30.018172309908437,100.9357337226986,,,,,,43050,41846,-10.381039450000022,41879,-6.399091309999991,mp-756340,"(2, 3, 2)",Ta1Cr1O4,-14.752286400000004,-10.381039450000022,3.981948140000031,-8.35319509000001,19.672286400000004,19.672286400000004,4,18.442286400000004,100.9357337226986,0.9824772819346856
